LF_sup,LM_sup,LH_sup,RF_sup,RM_sup,RH_sup,LF_CTr,LM_CTr,LH_CTr,RF_CTr,RM_CTr,RH_CTr,LF_ThC,LM_ThC,LH_ThC,RF_ThC,RM_ThC,RH_ThC,LF_FTi,LM_FTi,LH_FTi,RF_FTi,RM_FTi,RH_FTi
23.864033,-6.581828,-15.514111,-3.827891,-2.758121,-26.373076,10.098908,10.609924,62.476468,-1.704479,18.699734,27.793535,64.952011,-10.804748,-46.791913,70.675622,15.992837,-72.616587,94.156048,44.843785,79.741676,149.857522,54.648516,121.586056
24.017460,-7.677819,-12.157649,-0.467894,-4.266778,-26.042584,11.489888,13.416224,64.183413,-5.270488,19.340112,26.089863,65.760798,-13.708518,-36.571208,73.181661,13.957224,-72.926760,91.949032,43.967520,60.172077,139.881452,53.938679,124.944172
23.411558,-8.913700,-7.699020,0.973052,-5.150220,-26.508039,12.955133,14.849219,63.576357,-3.650550,19.453199,24.765508,66.295848,-15.046393,-26.429785,73.007125,12.340652,-73.284376,90.426569,43.819628,45.708845,136.899997,53.025861,127.482363
22.797310,-10.307093,-3.769853,0.560401,-5.971957,-26.738018,12.060389,15.611501,59.307014,-4.017860,19.822171,24.086901,63.020796,-16.484684,-18.714892,74.973601,11.048497,-73.535884,88.985085,43.806663,35.538011,134.242832,52.546252,129.650200
22.723079,-11.576423,-2.063168,1.155749,-7.224690,-26.278951,12.867883,15.600373,53.683686,-2.221328,20.466066,23.267036,63.454311,-17.904083,-15.526271,73.920399,9.564498,-74.054422,87.787204,44.349810,30.801428,131.364230,51.853539,131.905577
22.494791,-12.207063,-2.076762,2.333993,-8.063435,-26.871125,14.610634,15.745285,51.787802,0.379112,20.614728,21.567282,63.075755,-18.718987,-15.629269,74.033253,8.399989,-74.443865,86.366393,45.319218,31.566763,128.228794,50.921634,134.224080
22.061914,-13.784935,-2.690096,3.256929,-9.005701,-26.856865,15.931698,15.286794,50.802626,2.493999,21.302812,19.654815,62.702239,-20.131293,-17.052337,73.997264,6.723859,-74.858095,84.561698,46.791766,31.928449,125.010743,49.540037,137.419152
21.536423,-15.341700,-4.234747,4.117692,-10.093346,-24.848296,16.698640,14.287421,47.478880,4.727164,21.798599,16.919951,65.496344,-22.162692,-19.921318,70.729501,4.497215,-74.838009,82.927470,48.397311,32.600709,121.136723,49.558800,141.851416
20.728359,-16.548271,-5.640748,5.083562,-11.052220,-24.153539,17.701870,13.880992,45.684968,5.999071,21.748984,13.345745,65.904326,-24.956457,-23.302201,69.557505,2.339378,-74.413508,80.851841,50.242294,33.422587,117.842033,50.019863,147.175534
19.465172,-17.076019,-5.770922,7.115102,-12.591428,-24.784603,19.574403,13.252495,44.530745,7.722311,21.083695,13.018850,65.157908,-28.895991,-25.569368,69.375482,-0.480354,-72.756109,78.174121,53.668506,35.200671,113.767651,50.016338,150.156635
20.155368,-18.051291,-7.163408,7.198906,-14.798208,-23.737900,21.131652,12.883805,42.382780,11.163237,21.240796,19.668268,67.739994,-32.203400,-27.522157,65.532182,-5.419726,-71.552641,74.602425,56.768295,38.001838,108.333121,51.320524,148.096933
20.716722,-18.712551,-8.055465,7.311088,-18.284828,-23.608264,21.275956,12.717739,41.049457,13.610545,21.693463,29.861042,70.235059,-34.889939,-29.395449,60.555808,-10.552570,-69.341292,71.370978,60.270567,40.920827,102.973907,51.791618,138.587589
20.409342,-19.738753,-9.254054,6.866901,-21.149130,-21.778094,21.040576,14.269190,39.536343,15.493062,22.339650,39.546745,68.780415,-37.905671,-31.942361,59.949200,-15.395760,-63.190757,68.192135,62.706877,43.930102,98.098902,52.613116,123.691298
20.029544,-19.650355,-9.880718,6.642060,-22.791067,-19.355814,20.777483,16.765703,38.706007,16.376264,22.480092,47.058904,65.653883,-40.581845,-33.971272,60.524994,-18.859034,-53.891161,65.286717,64.552175,46.360719,94.186685,53.463496,108.035928
20.330407,-19.286635,-10.548450,6.127229,-24.206210,-15.672435,21.061219,18.170628,38.657949,17.535120,22.052964,52.224543,63.603482,-40.781369,-35.303848,61.128374,-21.513484,-42.161642,62.862950,65.901373,47.486187,91.285889,55.561198,91.346177
22.055249,-17.043813,-12.284222,8.446691,-25.181395,-12.562251,25.593369,25.962564,38.352799,23.214983,24.064001,55.527995,67.412363,-38.637539,-38.191050,58.252981,-23.509248,-31.661113,61.098271,67.863831,48.280029,88.750991,57.165982,75.645140
21.765504,-11.878415,-13.581140,8.623433,-24.740113,-8.673672,26.504104,33.985840,37.896209,24.347170,25.445301,57.767149,67.878029,-30.984791,-41.595893,56.298076,-24.969262,-22.720694,58.161900,69.975221,49.329173,85.774342,59.268515,61.902650
21.412469,-2.513839,-16.031456,9.388570,-24.165202,-6.387849,28.078705,41.056031,38.542834,25.638776,25.012964,55.603903,67.563684,-16.711341,-45.797712,55.516042,-25.134906,-18.428580,55.527830,72.525849,49.460746,83.293362,62.466620,51.935477
19.946631,7.437856,-18.578872,10.351798,-24.339939,-5.189395,28.963452,38.856549,39.118614,25.589730,24.666487,51.821223,66.932364,4.195063,-49.434842,54.294426,-25.646390,-16.942676,53.336799,88.154596,50.132641,80.793422,65.286887,43.257832
19.892206,17.117200,-20.312656,10.953710,-24.403934,-4.763208,29.695798,31.027960,38.683370,26.419910,22.503037,48.458559,65.746565,22.441939,-51.595043,53.800723,-26.021929,-16.859162,51.680263,104.665716,51.176141,78.739470,68.995466,42.634580
18.655542,23.096359,-20.363782,11.647444,-25.405245,-4.923791,29.649624,14.443740,38.810456,26.340569,22.494330,47.697549,63.590293,33.749869,-52.354260,53.968985,-27.824587,-17.495162,50.931604,119.397620,53.101415,76.862211,68.586891,42.906028
18.257206,26.248982,-20.035778,11.529741,-26.570542,-6.557859,29.818099,0.347149,38.232406,27.829006,22.735078,47.391369,60.892748,38.652549,-52.297790,54.483573,-31.058189,-20.355203,49.583569,123.911411,56.089908,74.209967,69.195247,42.580475
18.397421,26.745098,-19.927658,11.920131,-27.276436,-8.009443,30.231783,-12.254486,36.820404,29.728318,22.249280,47.254368,58.019323,39.821571,-51.472913,55.170277,-34.654927,-23.710309,48.870060,125.297038,59.422913,71.595571,70.290353,42.123891
17.499684,26.916164,-19.771559,12.127605,-27.612472,-9.159923,29.353351,-10.576865,34.504109,30.075078,20.946346,46.067195,54.401826,36.910796,-51.187495,56.028980,-36.918665,-25.812471,48.927362,122.235368,62.974526,69.361113,71.094168,42.120607
15.888907,27.128936,-19.134200,13.803985,-28.446661,-10.931640,28.713965,1.736850,32.544436,29.617702,20.137234,44.901993,52.557238,35.903377,-51.013403,55.861501,-38.313141,-28.353871,49.775656,114.556503,66.188448,67.845260,70.560027,41.952930
15.257614,28.240126,-18.493888,14.268265,-28.751154,-11.530179,27.983113,3.905564,30.593999,29.397595,18.202615,43.134866,50.734918,37.460407,-50.527567,56.156781,-39.518705,-29.152306,50.298703,104.575362,68.572636,66.883787,72.021432,42.113063
15.366428,28.118162,-19.149286,14.008697,-28.626637,-11.793394,27.498521,0.867322,29.085617,29.825186,18.179260,42.765503,50.038191,36.301359,-50.601999,55.303389,-40.707900,-29.800641,49.916057,101.248800,70.359722,65.842324,73.002124,42.712092
15.486174,27.961140,-18.990936,14.211589,-28.683652,-12.542897,28.240274,1.465368,29.345736,29.594987,17.908887,41.134990,51.194542,36.213240,-51.655103,52.844359,-40.854516,-30.065562,49.162988,99.606058,71.188416,65.190741,74.271094,44.191953
15.426245,27.902627,-19.837733,13.540891,-28.038989,-12.060208,28.312285,1.435137,29.575460,29.195646,16.944884,39.909170,50.047786,35.609652,-53.025763,52.326347,-40.846922,-30.040958,47.984444,97.190643,71.363820,64.657807,76.991412,46.238277
14.334392,27.661609,-21.223876,12.362574,-26.851507,-11.550400,26.680962,1.424050,29.886645,27.051457,16.745498,39.534326,46.312066,34.571821,-54.763307,53.206649,-40.347349,-30.211901,47.065318,94.472879,71.440238,64.394221,79.871840,48.442582
13.794876,26.929909,-21.625975,12.374629,-25.696737,-11.690816,27.501924,2.998175,30.396218,25.530616,20.722907,37.951249,43.295086,33.576196,-56.343156,53.297502,-37.769775,-30.905066,46.322496,91.369051,72.300468,63.770310,80.676501,50.313055
13.016319,26.282513,-23.302535,10.922777,-21.701258,-12.071017,30.236246,1.769913,30.187308,23.637404,29.217946,38.740173,38.506003,30.951401,-58.012866,54.700708,-31.408422,-33.205241,48.253240,88.853296,74.714509,62.348729,85.054465,51.969508
14.534945,24.631057,-22.646952,11.195120,-16.739112,-15.199011,41.707842,2.506059,29.694554,25.214234,32.479757,39.077814,39.760833,31.059142,-57.212958,54.274090,-17.718341,-38.315288,59.861063,85.897306,78.892127,60.350331,105.579460,52.795668
15.150470,23.835425,-22.086390,10.369966,-11.490414,-16.497485,49.510752,2.364708,28.557178,25.944589,32.307626,39.836392,43.739465,29.601040,-56.427427,53.077101,1.281898,-41.495502,74.340172,83.688889,82.985669,58.093819,125.493733,51.386663
14.951810,22.680380,-20.763004,10.866837,-7.442591,-18.904302,56.441184,2.971349,27.219649,25.923841,23.485291,40.534479,50.729422,27.900525,-55.787711,52.664187,18.978931,-45.019719,98.674645,82.016235,86.285057,56.155435,141.211443,53.307858
14.713029,21.901793,-21.371584,9.322530,-4.805915,-19.908223,56.679069,2.571514,26.018567,25.486705,10.176494,41.606250,61.934440,26.144793,-56.480703,48.280184,32.263464,-47.721878,124.775891,78.867766,89.198647,54.214843,153.010478,56.074185
16.217588,20.216686,-21.313339,9.219575,-0.320444,-21.268451,53.057887,3.067059,24.418522,26.369651,0.522586,41.754433,66.650865,24.472953,-57.787165,47.680254,40.199271,-50.274355,143.623409,74.563797,93.969266,52.387620,155.019825,59.366255
19.086410,18.937567,-22.222930,7.780274,3.088871,-21.766217,39.837927,3.253648,23.193653,27.826087,-5.154968,42.227264,68.937078,22.497264,-59.026693,44.889563,45.958041,-52.789536,152.580141,69.839204,97.920184,50.590406,153.242634,62.430399
19.363818,18.156462,-22.495174,7.689060,6.733821,-21.923105,21.160082,4.109835,22.361137,29.451114,-7.297032,41.771356,68.656791,20.918808,-59.958741,42.606063,48.831778,-53.732165,154.394980,66.573206,100.475805,49.079857,148.369612,64.893128
20.347547,17.226983,-22.758770,8.317634,10.300106,-21.912486,2.304551,5.116133,21.742526,31.094647,-7.814697,42.035541,69.851123,19.535330,-60.837215,41.059160,50.447135,-54.148413,151.810332,64.475406,102.415009,47.380799,141.614160,66.030752
21.727427,16.160417,-22.837954,8.183000,11.833821,-22.120882,-7.737233,5.895304,20.636835,31.974652,-0.628478,41.713998,69.988138,17.999532,-61.396857,40.832532,48.590512,-54.164377,144.566089,63.058317,104.895233,45.690848,133.987046,65.182569
22.137365,14.940592,-22.917489,7.156431,12.890496,-22.716080,-7.422421,6.240693,19.929082,31.696357,5.399600,41.452110,69.894858,16.343805,-61.796532,40.156480,46.840040,-55.323895,137.307028,61.686627,107.548727,44.671950,122.471011,66.961493
22.579213,13.905275,-22.820756,6.104112,14.229032,-22.803802,-5.550448,6.565404,19.324809,31.478989,5.977764,40.472703,69.711405,15.142434,-62.557012,39.039751,47.160268,-55.482794,130.982345,60.003733,109.855074,44.154061,113.882255,68.039615
23.173708,13.210432,-23.352670,5.682556,14.710518,-23.918382,-3.999757,6.494442,19.025685,31.858419,9.528246,40.836611,69.174762,13.990951,-63.881220,38.562748,47.228855,-56.497194,127.968598,58.428526,110.953077,43.847554,107.956672,72.585855
22.991445,11.901046,-23.457063,5.283969,14.724668,-23.903563,3.652818,7.723025,18.835714,31.814437,9.501567,40.264974,68.001438,12.802136,-65.030736,38.095459,46.576887,-56.312321,124.528799,56.655562,112.670234,42.961533,105.302646,74.016395
23.046299,11.420517,-23.661366,4.884491,14.628656,-23.780529,10.462459,7.439982,19.000647,30.266022,7.671569,40.223245,70.104646,11.667695,-65.606229,38.399129,46.471283,-56.377640,131.457574,56.747161,113.399106,43.225756,105.133016,74.597483
24.350907,11.038608,-24.094666,5.055814,14.462122,-23.500334,12.161688,6.582143,18.277996,28.966478,6.859440,39.916273,75.044668,10.259942,-65.988785,39.063379,47.284559,-56.052835,134.836076,57.862540,114.281745,43.563978,105.089138,74.815003
25.037189,10.025680,-23.827044,5.414035,14.785390,-23.552757,10.507345,6.558675,17.739246,27.556727,6.210850,39.310044,78.787613,8.563021,-66.314026,38.333050,47.139183,-56.553766,133.844510,58.825435,116.198390,43.575784,103.524595,75.575987
26.415547,9.269335,-23.776690,4.868680,14.518512,-23.989129,7.231725,6.118312,16.479923,27.924958,6.908116,38.724465,79.118278,7.336446,-65.958885,38.016616,45.958545,-57.684957,126.401192,58.751729,118.620759,43.497913,101.177434,76.914092
28.024355,8.055624,-23.957317,4.862617,13.494161,-24.163935,6.911998,6.698848,14.650115,32.769210,7.492275,38.038237,81.595651,5.730696,-65.730035,36.179761,44.203063,-59.048493,118.191714,56.806298,121.997347,46.300671,99.113356,79.033037
28.344839,6.026177,-23.318295,6.483227,12.768075,-25.288571,8.913440,7.362120,13.645624,38.066609,6.946710,36.870287,84.812175,3.348883,-66.172064,36.099516,42.020030,-60.499167,112.349369,55.708563,126.186161,65.974754,95.958006,81.855732
28.779192,3.603179,-23.143518,6.592293,11.597453,-25.486353,11.511884,7.412574,11.864919,44.701105,7.417007,36.470095,85.126975,-0.001334,-66.612863,37.389403,40.418783,-61.809653,104.851834,55.256879,131.451267,83.667440,92.210472,84.287204
28.614904,1.678347,-20.765421,5.318632,10.345715,-25.237295,18.634038,6.892999,13.551630,47.997168,8.282347,36.820629,82.592507,-3.098496,-64.816358,38.588771,39.175575,-62.605871,110.561698,54.789149,138.823125,105.608941,89.200167,85.519097
26.914138,-0.169252,-19.590880,3.208219,9.019566,-26.234904,18.208192,7.443042,20.902615,46.009506,8.243377,36.339705,76.491387,-5.328419,-62.708390,39.791320,36.824858,-63.972061,124.878928,53.543322,136.917747,127.564990,87.400427,90.229184
25.928430,-2.242882,-17.832486,-1.954331,7.809832,-25.550471,11.536887,8.351638,31.500991,42.751381,8.996216,35.623209,69.118881,-8.150337,-57.501517,40.840024,35.119507,-64.458965,133.473194,52.316290,126.316219,146.551396,85.392745,91.072917
25.778679,-4.217694,-15.856083,-9.593550,7.234690,-25.717852,2.585831,9.253711,41.425763,37.071248,9.496671,34.801898,69.326256,-10.612708,-51.363840,39.492336,34.271526,-65.185820,133.001040,52.785156,112.245563,159.265404,82.299238,95.605946
25.951431,-5.767173,-13.446066,-11.478629,7.299835,-26.861465,0.279450,10.476178,50.932323,28.774429,9.205767,34.022915,76.386978,-12.419263,-43.840736,41.385801,33.659058,-65.851062,126.416256,54.282333,93.481442,162.344585,78.967013,97.441229
26.570052,-7.675120,-10.158487,-18.004903,5.797633,-27.140179,-0.396777,10.232985,56.381814,14.828685,10.691903,33.784366,69.431799,-14.075809,-33.418551,55.682140,32.070520,-67.419137,123.352196,55.044180,75.490253,161.458944,76.079627,99.807478
26.511372,-8.684679,-5.751786,-13.655060,4.326833,-28.542476,0.594989,10.904784,57.961611,5.495242,11.500657,33.360887,72.406734,-15.639385,-23.239700,61.544350,29.272457,-69.725639,119.993670,55.120851,59.827576,159.564807,73.640977,102.254911
27.358774,-9.961248,-2.752455,-9.439118,2.346873,-29.384903,1.448312,12.124994,57.341810,1.061837,12.496505,32.997305,73.547236,-17.282027,-16.169700,65.611216,26.421379,-71.903066,116.863432,54.569884,45.418715,155.030719,71.922757,105.103713
26.759258,-11.300199,0.645330,-4.228767,1.719724,-29.024034,3.603754,12.717273,54.900260,-2.206337,12.735830,30.631318,73.646787,-19.404872,-10.663061,67.815879,24.993773,-71.832580,113.686217,55.465692,35.788670,145.829272,70.033613,108.472890
25.902331,-13.576912,1.056456,-0.953063,0.909260,-29.606172,6.429269,13.011250,46.554071,-1.865502,12.820814,28.623078,73.409722,-21.695222,-9.970234,68.201794,24.004285,-71.090658,110.394071,56.464967,31.445785,137.295528,68.116352,111.700079
25.688604,-15.525135,0.102309,-0.292124,-0.165551,-28.714997,8.185435,13.077825,43.246441,0.470773,14.050197,27.078552,73.230248,-23.638181,-11.735160,68.126620,22.392365,-70.791458,107.688538,57.039032,31.455661,133.553883,66.611605,115.145082
25.892706,-16.742295,-0.701576,-0.099034,-1.144001,-28.748854,9.050233,12.558475,41.606159,2.230692,14.561115,25.593116,73.891969,-24.705574,-13.216807,66.840935,20.929023,-70.909612,105.747702,57.648612,31.785804,130.638965,66.445085,117.704683
24.718387,-17.094500,-1.358013,2.107904,-1.586091,-28.978688,11.837947,11.027333,40.603193,4.844444,14.834320,23.263583,74.363363,-26.019630,-15.211282,66.608954,20.002213,-71.145899,103.792737,61.561001,33.310722,127.247662,63.974603,120.572628
24.330254,-17.772256,-3.115552,3.065743,-2.696202,-28.082026,12.914014,10.710479,39.355537,7.145539,15.755710,20.959100,74.264489,-28.785968,-18.553253,65.731652,18.019450,-70.929324,101.062767,63.058232,34.149312,122.994136,62.720146,124.851484
23.863209,-19.427841,-5.555191,4.186876,-4.040172,-26.667409,14.616421,12.018646,38.438506,9.451750,16.650646,17.403096,74.700000,-33.298690,-22.876059,64.396679,15.036453,-70.382209,97.475279,63.285950,34.431588,118.488685,62.419043,131.389063
23.599697,-21.922488,-8.218710,4.833484,-5.172198,-25.425271,16.226588,12.575764,37.872438,11.424456,16.830912,12.874193,73.157451,-37.951163,-26.766574,64.559737,12.117898,-69.748564,93.344178,64.444099,35.016581,113.596657,62.559487,139.352257
23.502536,-22.425240,-10.004542,5.399842,-6.186488,-24.079836,17.770786,13.128881,38.415006,13.219002,17.284972,12.484316,72.453843,-40.785029,-30.008099,64.047837,9.166451,-69.520829,89.933307,66.916224,35.888226,109.635047,61.767483,143.704847
24.717172,-23.026159,-11.159694,5.705952,-8.453499,-22.027263,19.892687,13.629243,38.492248,16.204599,17.490156,22.001532,73.789919,-42.785676,-32.308028,61.157519,4.354759,-68.159968,85.884499,70.292712,38.095696,104.625557,61.646642,142.628929
25.872017,-22.920391,-11.711384,4.997666,-11.334552,-20.669555,21.732466,13.863582,38.462620,18.626026,17.655575,33.042248,73.262817,-43.922224,-33.807205,59.880043,-0.971166,-64.702098,81.509811,74.809000,41.208134,99.820233,60.657061,135.660889
25.564722,-21.665966,-11.981653,5.561066,-14.261928,-19.402990,21.240679,15.478411,38.354110,19.636756,17.898793,43.712416,70.212011,-43.754024,-36.053765,59.206858,-6.261738,-57.899659,77.736969,79.312555,45.439399,94.519670,59.283992,123.407046
25.476007,-18.630971,-12.763570,5.565379,-18.346217,-15.906999,21.117058,24.096924,38.300007,21.835555,18.851607,50.156910,67.520897,-39.913861,-38.372386,58.785475,-12.058458,-46.874344,74.265010,78.983025,49.744125,89.204891,57.950908,108.573845
25.693380,-14.450741,-13.130229,5.904279,-22.297530,-12.101788,21.690882,33.417140,37.885415,24.332640,20.793875,53.583966,69.283136,-33.757167,-40.145772,54.121378,-19.007014,-35.159214,70.557699,76.819724,54.306450,84.075553,57.597392,92.689822
25.608748,-6.712665,-14.134961,6.958025,-24.683944,-8.716284,23.617976,36.807814,37.768587,27.485713,23.720515,55.573737,70.766089,-19.808149,-42.534386,50.938852,-24.213755,-25.465273,67.228819,81.857680,57.636220,79.588270,57.542129,77.167604
24.247436,1.631971,-15.795142,8.452582,-25.710813,-8.368423,25.565615,31.450102,38.763614,28.419963,24.255272,54.944137,69.749099,-2.865572,-46.134014,50.486555,-25.837589,-24.621326,64.298997,97.284761,58.858988,76.569688,59.566179,63.701066
22.566030,10.554437,-17.171647,10.307917,-25.162456,-7.883376,29.076537,20.313753,40.027838,28.583053,23.278987,52.861411,72.428671,14.441532,-49.628449,47.873273,-24.687205,-22.651596,61.585999,116.929636,58.321344,74.894935,62.418349,52.998650
22.899445,19.392988,-19.785416,9.794985,-24.328453,-6.154629,30.033510,9.112881,40.641969,29.213472,23.082359,51.913774,73.476610,28.595240,-52.421003,45.723038,-24.780191,-20.035543,59.120764,129.681800,57.870031,73.540237,65.709286,45.181417
22.817691,25.512435,-20.920257,9.576955,-24.477834,-5.088925,30.682601,-0.797226,40.867807,29.634828,22.784594,47.634636,72.150430,37.649666,-53.918172,46.098357,-25.343524,-18.587847,57.678373,135.952732,58.415904,72.332160,67.690635,41.469793
22.469544,26.610142,-21.549866,9.790190,-24.714757,-5.037788,30.456207,-13.038636,40.150460,30.194600,22.367869,46.961024,69.664951,40.511003,-54.521323,47.321380,-26.124173,-18.960064,57.209504,135.920019,59.930669,70.750395,67.910120,41.374137
21.986196,27.365672,-21.780526,10.366871,-25.379303,-5.397001,31.163821,-15.380497,39.253663,31.048851,22.349040,46.482744,68.349404,42.085263,-54.959134,47.426512,-27.758487,-19.975402,56.367772,132.739557,62.185061,68.734038,67.623502,41.375423
21.529422,28.131066,-22.101233,10.421547,-25.871032,-6.233436,31.604497,-14.042420,37.833967,32.082711,22.023889,45.892525,65.982295,42.797184,-55.338920,48.075763,-29.627109,-21.624141,55.115012,128.089176,64.850280,66.501006,68.266259,41.660763
20.381501,28.645593,-21.943216,10.914126,-26.769967,-8.348536,31.923843,-7.995394,36.259936,32.214456,20.957749,44.296532,62.951053,40.089896,-55.801073,49.007346,-31.554251,-23.852406,54.199766,123.215960,68.254128,64.128940,68.902005,41.829239
19.374839,28.451661,-21.801520,11.576714,-26.704116,-9.351368,31.080740,3.061999,33.107353,32.146144,19.782882,42.382291,59.069960,38.088593,-55.602221,50.385141,-33.732305,-25.706020,54.325517,113.883962,72.395289,62.181070,69.539677,42.287302
19.412897,29.373360,-21.496622,11.582477,-26.931257,-10.586989,29.964049,2.283254,30.926585,32.457893,18.937759,41.553892,56.829193,38.465883,-54.648792,50.539638,-36.459793,-28.279873,54.714921,103.476214,75.514716,60.743714,70.262509,42.179136
18.296322,28.036377,-19.807788,12.971370,-28.328452,-13.017671,31.180262,2.572125,30.213073,32.151283,18.470414,39.512968,55.517785,38.808233,-54.145626,50.544156,-38.409055,-30.033762,54.489337,101.746604,78.585980,59.299365,69.775708,41.971177
19.266230,28.624129,-20.401290,11.534735,-27.486791,-12.582192,30.478043,2.146020,29.591434,32.102199,18.603036,38.888508,54.833498,38.654093,-54.274628,49.702154,-39.143693,-31.020523,53.578365,100.077092,79.249958,58.936897,71.865693,43.358570
18.783267,28.604302,-21.160099,11.013676,-25.493238,-12.766034,31.224737,3.562898,30.322916,31.215394,19.252619,38.054658,54.586125,38.392555,-56.155480,48.241143,-35.673851,-31.225283,51.615316,96.131967,79.550392,58.385073,74.785884,45.623517
18.034484,28.040281,-22.940047,9.419432,-22.912395,-12.092520,30.220201,4.152226,30.773995,29.116525,22.600152,37.020629,50.675086,37.055972,-59.191274,48.938347,-30.083111,-31.453721,49.467727,90.562258,80.392069,58.061797,81.808003,49.019342
17.139950,27.288348,-23.998191,8.560953,-17.029181,-11.664459,29.851195,5.155420,30.913663,27.110046,26.711435,36.297349,47.346975,36.007083,-61.695519,49.596847,-18.306207,-31.835206,47.947796,86.624409,81.394756,57.735730,99.415855,51.460582
16.983405,26.562043,-24.668539,8.643683,-12.022931,-11.615575,30.487124,5.571150,30.473117,27.092269,29.115626,36.412872,44.866688,34.015115,-62.751472,49.705309,-0.937432,-33.492598,47.357354,84.412799,83.322279,56.461339,125.322542,52.728434
16.507993,25.376502,-24.417588,7.584818,-8.900928,-13.198566,32.761677,5.024497,29.129732,26.345151,27.008963,37.906449,43.404056,31.159896,-62.419893,49.012292,17.718998,-37.011430,48.782070,83.017616,87.160533,54.292391,146.612710,52.731428
16.354346,24.351771,-22.496790,6.228298,-8.169772,-16.566079,41.446514,4.730233,27.036258,27.343338,17.431067,40.007273,44.766877,29.256064,-60.615008,46.643246,31.104240,-42.460875,65.877259,80.944448,92.634652,51.357911,158.615460,52.590355
16.497755,23.411741,-21.159048,5.364985,-3.895259,-19.380255,48.026019,5.438215,25.118512,29.119808,3.790242,41.772528,48.708562,28.024105,-59.467915,45.715098,41.775416,-47.233403,84.672298,78.463305,97.701664,48.574139,159.026314,52.953867
16.170207,22.692397,-21.355853,4.819351,0.106985,-20.157357,51.603762,5.622279,23.865021,29.844100,-4.060607,42.832298,57.340607,26.918416,-59.700543,41.789645,45.617002,-49.556293,109.241895,76.133538,100.626448,46.843190,156.835033,54.162623
16.472547,21.842038,-22.167080,4.349452,3.913432,-19.964840,53.980595,5.825336,23.857954,29.942604,-4.419579,43.269879,64.512729,25.619050,-61.410267,41.929214,47.515095,-49.921074,134.458353,72.957996,102.274420,46.192155,152.212128,56.162756
17.754167,20.941010,-23.085096,3.870052,8.355015,-19.486161,49.487605,6.417061,22.577374,29.236850,-8.658764,43.072441,68.062847,24.579666,-63.486419,44.084015,49.660386,-49.900706,148.662408,69.337579,105.543625,46.024107,145.897776,58.589233
19.861144,20.248138,-23.996440,3.952027,10.193335,-19.108065,37.316484,6.685653,22.571868,30.365078,-7.212859,42.927330,70.825751,23.546420,-65.123100,41.414630,49.194330,-49.920271,154.485073,65.897982,106.828331,45.595763,138.840374,60.986836
19.550319,19.777883,-24.863816,3.182951,11.419996,-18.929337,18.914978,6.304288,21.946611,30.788014,1.076824,42.816333,71.453856,22.468582,-65.897475,37.197190,47.001182,-50.343573,155.284547,63.615972,108.480001,45.219311,132.064701,62.747206
20.664345,18.797338,-24.796780,3.180366,13.334554,-19.400280,2.284270,6.516220,21.576149,31.146451,3.936615,42.400163,69.514552,21.517863,-66.302847,38.892203,47.423472,-50.697387,151.338388,62.814599,110.013205,44.642799,119.688378,63.812719
21.581644,17.731774,-24.553677,3.658231,14.237135,-19.824749,-3.498475,6.624100,20.227495,31.097758,4.770893,42.127291,72.688821,20.153821,-66.480453,37.738978,47.713255,-51.189338,143.090442,62.807903,112.408711,43.638342,115.258475,64.318283
22.153296,16.988422,-24.132249,3.375313,15.305926,-20.406692,-2.223384,6.043059,18.040868,32.050691,8.786720,42.411368,74.071371,18.639962,-65.803018,37.561511,47.800526,-52.626028,137.480268,63.485657,115.516993,42.114025,109.057899,64.705118
22.484730,16.218183,-23.581070,3.110957,15.398146,-21.533583,-0.886757,6.216559,16.812524,32.893743,10.643032,43.065667,73.843953,17.526522,-65.219475,37.345487,47.771429,-54.368062,134.899639,63.594763,118.108660,40.800805,104.818123,64.833672
22.565649,15.612295,-23.514763,2.969815,15.479476,-21.814607,0.362688,6.741006,16.855521,32.302292,9.592768,42.944207,72.696076,16.801106,-65.513118,38.013890,47.539914,-54.845333,132.653719,63.162313,119.137462,40.410755,103.503255,65.360193
23.225329,15.045854,-24.062867,2.904634,14.480631,-21.209123,3.190548,6.373896,17.363160,31.863782,8.327680,42.910227,73.283683,15.745419,-66.892464,36.881103,47.349043,-54.079899,128.640418,61.818765,119.358866,41.104030,104.401740,66.619402
23.673267,14.327205,-24.780744,2.602687,13.280743,-20.483842,3.634883,6.143846,16.960965,31.765756,8.341778,42.345444,72.621994,14.063414,-68.429976,34.776257,46.753728,-53.531502,126.208171,59.680347,120.699838,41.458881,103.729194,68.712653
24.377725,13.143061,-25.442023,2.900819,12.013352,-20.052929,4.745326,6.854025,15.481078,34.449909,9.066653,41.508722,71.920602,11.591751,-69.376711,32.950243,45.994559,-53.797457,123.203376,56.773082,123.709296,41.854929,102.212431,71.071187
23.436952,10.861142,-24.902737,4.496871,11.778416,-21.054920,4.901822,7.550600,13.958372,40.709917,8.764138,40.044849,71.336335,8.950226,-69.488088,32.438407,43.848402,-55.736006,119.815432,55.423813,128.706714,56.595273,98.296406,73.837930
24.004404,8.410266,-23.505225,5.002721,9.890548,-22.579073,4.126220,8.135767,12.883607,48.824899,8.740991,39.978688,70.067260,5.675496,-68.536827,35.144389,40.690522,-59.257292,116.114954,53.646025,135.832588,70.009716,94.072554,76.832947
23.962595,6.581092,-22.077856,4.930234,8.740658,-24.100967,3.274132,9.558581,14.034242,53.884932,8.047552,39.602972,68.378004,2.851365,-67.022389,38.437256,37.650864,-62.133833,113.266329,52.177029,139.330751,88.068383,91.180336,79.412216
23.906478,3.588761,-21.464476,3.685676,7.354563,-23.875048,4.238661,9.140940,20.888483,54.873931,8.687555,38.560321,67.128485,-1.402005,-65.787241,40.358980,35.791241,-62.406063,109.214204,50.925889,138.120049,109.044309,88.164110,83.442900
23.322953,-0.606094,-20.382895,2.036475,6.232403,-22.884585,6.455320,9.190859,33.864930,53.498520,9.244741,36.537180,65.174894,-6.920610,-63.021980,40.449717,33.821388,-61.833869,104.419578,50.104658,126.485224,129.395515,84.488929,88.852003
22.172942,-4.783512,-18.145461,-0.293708,4.869969,-23.288039,7.770936,10.338194,46.581406,49.609356,9.019964,34.650087,67.490483,-11.888276,-56.954526,38.807184,30.667844,-62.599264,100.111627,49.537467,110.819214,144.365479,81.400063,94.087829
21.842869,-9.198914,-16.117750,-4.504251,2.910125,-23.967505,10.330397,11.087853,55.715950,42.670834,9.511154,33.341915,69.963391,-16.240296,-49.906852,38.784824,27.657477,-64.072234,96.290335,49.860213,89.372120,154.953339,77.860528,98.967848
21.408093,-11.814548,-12.947640,-6.543022,1.608890,-25.194387,14.915992,12.621374,61.038425,33.992839,11.488608,31.681044,71.720158,-19.511935,-39.877205,42.446145,25.011250,-66.076624,92.695899,51.684698,66.588651,157.523869,72.201134,102.805961
21.356903,-12.733009,-9.335965,-11.829982,0.080444,-25.217391,13.964513,13.940478,61.487346,22.904594,13.898812,30.046790,65.765521,-21.486091,-29.663241,53.178790,22.205473,-68.398456,89.238244,53.070554,47.115356,157.072589,68.100250,106.826143
21.301465,-13.972299,-5.543699,-11.535487,-1.591418,-26.370735,15.015685,14.562411,57.645264,16.467614,15.724457,28.592936,68.544039,-23.163407,-21.443064,55.457978,18.802550,-71.066700,86.622311,55.522529,35.032773,156.791481,64.230078,110.475539
21.210155,-14.212451,-4.367693,-10.749985,-3.440859,-27.109014,15.982719,14.548215,49.239947,9.888596,16.622147,26.902014,68.530385,-23.916016,-18.855755,60.822479,15.861659,-73.327526,84.194635,57.871244,31.853372,154.800083,61.581379,113.990181
21.049247,-14.951625,-4.010954,-7.068523,-4.042793,-27.814281,18.232712,13.974961,46.217621,4.845138,16.859840,24.355266,69.561233,-24.462210,-18.930092,64.080679,14.441680,-73.816236,82.236744,59.417608,33.678050,150.571327,60.428684,116.671180
21.198316,-16.197595,-4.101694,-4.804166,-4.703528,-27.406518,19.623694,13.078612,42.951615,2.855274,17.239247,22.748693,70.452748,-24.887894,-18.961789,65.207620,13.340967,-73.771454,80.804280,59.958636,35.084193,145.989077,60.398631,118.634966
20.674992,-15.562890,-4.000542,-1.599817,-5.128788,-28.727028,21.143183,11.346065,41.802658,1.557403,16.821566,20.780070,71.076053,-25.393868,-19.798150,66.372428,12.699914,-73.563451,79.770501,62.866165,36.099132,139.894841,60.059196,120.413886
21.433531,-16.451246,-4.905591,-0.740762,-6.002342,-27.177897,21.084367,10.827577,39.310134,2.103840,17.549315,19.209573,70.915365,-26.459287,-21.676701,66.570811,11.294806,-73.273507,78.474733,62.546940,36.730856,134.624620,60.576429,122.948293
20.776725,-17.871916,-6.503611,0.692800,-6.450704,-26.241883,21.489477,9.601461,38.277915,4.027684,17.346949,17.194311,69.198178,-29.432138,-25.497833,66.643375,10.213909,-72.124803,76.769400,65.027617,37.456923,130.288606,60.440474,126.703242
19.833841,-19.845236,-8.989556,2.337421,-7.487963,-25.233488,22.501686,9.893199,38.716698,6.034009,17.443180,14.479412,67.669844,-33.620839,-30.328507,66.335761,8.244330,-71.004784,74.024091,66.985912,37.817729,125.118083,60.756415,132.595045
18.567132,-22.235052,-11.693264,3.637601,-8.453370,-23.852668,23.402192,10.931566,38.917587,7.485273,17.553818,13.821722,65.722991,-38.283960,-34.483448,66.948880,6.014961,-69.612714,71.185919,68.046904,38.317135,120.821913,61.270613,137.918389
19.463944,-22.812011,-12.506657,4.529265,-9.635822,-22.361409,25.830017,13.331238,38.752617,10.446493,17.399526,20.535396,63.392087,-40.429491,-36.053288,67.748908,3.550449,-69.126069,68.176554,67.979435,39.464662,116.691832,61.809816,139.073357
20.274633,-22.877737,-13.249111,4.816946,-12.102385,-20.400252,26.250119,13.722735,38.382640,13.046891,17.602580,30.123546,64.306679,-41.866734,-37.359772,64.663636,-0.849137,-65.939571,65.178632,71.443582,42.134241,111.549592,61.602370,133.352160
20.614903,-22.894817,-13.067066,4.947371,-15.011841,-18.656668,26.822457,12.069649,37.545483,15.635633,17.973323,40.012559,66.481236,-41.751414,-37.618802,60.516537,-5.806446,-58.914433,62.449756,77.402668,45.794292,106.706474,60.846022,122.175152
20.531235,-20.461388,-12.859612,4.806554,-18.147260,-16.312287,26.703427,17.990228,37.057377,17.572240,17.781477,48.268894,65.517294,-40.448430,-38.563817,59.053985,-10.500143,-50.728657,59.749089,79.945104,49.576791,101.946705,60.222436,109.356441
19.811848,-14.592896,-13.258876,4.934001,-20.794680,-13.905590,26.191806,25.684188,36.568749,19.435066,19.882225,54.610494,62.619859,-32.305984,-40.342345,58.997323,-15.277358,-42.937940,57.261193,80.903707,52.950968,97.436772,59.664828,95.835601
19.163151,-7.456130,-14.528870,5.267247,-22.142010,-11.349895,26.560741,32.437599,37.028316,20.906600,21.125052,57.313705,60.677817,-21.429586,-42.845983,58.503554,-18.179866,-32.943930,54.840072,81.724406,54.553845,93.799391,60.497862,82.012946
18.311800,2.547483,-15.947670,6.193392,-22.625213,-9.246240,27.301720,34.934606,37.463379,21.552794,21.413219,58.093774,59.549277,-3.860534,-45.872052,58.289795,-19.046633,-25.984459,52.957630,94.195885,55.138417,91.671925,62.414385,69.007519
17.570584,12.948435,-18.295737,6.851288,-22.299401,-7.220904,28.549565,29.669370,37.791059,22.323554,21.547430,56.704414,56.759092,17.404020,-49.059834,59.824461,-19.321279,-21.404694,50.848813,108.711095,55.344466,89.660724,64.905372,57.291850
17.037036,22.380497,-20.858354,6.948152,-22.440402,-5.105730,28.593296,15.141048,38.050969,22.726400,21.812871,54.668351,54.391666,31.045666,-52.299899,60.467243,-20.091720,-17.406281,49.074325,119.973710,55.913646,87.699463,67.441217,48.749258
15.750157,26.679905,-21.810609,7.801972,-22.787394,-3.490821,29.308974,4.232634,38.374854,22.786272,21.212489,50.188739,51.395198,39.053824,-54.295414,61.926650,-20.716863,-15.089601,48.092439,120.289052,57.271260,85.857215,68.962826,42.902877
14.738853,26.896832,-22.124421,7.960296,-23.413291,-3.157688,28.946942,-5.000109,38.357057,23.066981,21.870367,46.291699,48.691683,39.455542,-55.046497,62.599517,-22.437859,-14.822004,47.542213,119.070810,58.979227,83.936897,68.904384,42.160874
14.498388,27.978970,-21.793983,8.265272,-24.344095,-3.688025,28.996488,-8.990552,37.303123,24.558202,22.019446,45.665446,47.252074,40.763522,-54.431361,62.710886,-24.474597,-16.071453,47.587797,115.261525,61.333540,81.958771,68.172617,41.960906
13.836436,28.820035,-21.208783,7.945051,-25.112529,-4.459332,28.087276,-6.291010,36.268411,24.813646,22.079035,45.541604,44.933492,40.566651,-53.898999,63.042492,-26.838657,-17.492804,47.643710,111.175203,63.854464,80.185568,67.309515,41.547485
13.024379,28.654477,-21.133483,9.266277,-25.683847,-5.097623,27.921943,2.256347,34.662466,25.312540,20.883764,44.616834,42.500018,38.579895,-53.900484,63.989032,-27.585348,-18.586656,48.324300,105.175217,66.082956,78.818662,67.358080,41.171699
12.798573,28.889045,-20.541800,10.347682,-26.002380,-5.398180,28.525071,1.101752,33.286501,25.639486,19.780251,42.715657,41.964229,39.579399,-53.574292,63.769540,-27.833337,-18.866121,49.074186,98.979302,67.880963,77.968395,66.659586,41.042743
11.773015,28.569754,-20.819790,10.130222,-26.201554,-6.064307,28.243037,0.323031,32.640542,25.584278,19.000027,41.755930,39.448634,39.338027,-53.878994,64.211478,-28.569450,-19.720283,48.714013,98.292546,69.237245,76.976354,67.648697,41.609353
12.652384,28.983863,-21.404520,9.725281,-25.950048,-6.064168,28.461634,0.156975,32.130612,26.004014,17.794647,40.529699,37.868512,38.878096,-54.158061,64.372460,-28.763810,-19.930441,48.413761,97.321584,69.809059,76.632241,69.423931,42.802639
12.371923,27.834422,-21.157910,11.214582,-26.268458,-6.607259,29.676603,1.419125,32.043717,24.511455,15.576175,37.614216,37.029774,38.359785,-55.179199,63.974196,-28.217434,-20.154359,48.509270,95.939609,71.151426,76.267833,70.349590,43.888062
13.060806,26.930956,-21.972752,11.043443,-26.144744,-6.947637,29.274917,0.915293,31.974616,23.591918,14.253747,36.411971,35.515523,36.764912,-56.241859,62.968029,-29.117637,-21.239437,48.523674,94.654848,72.180996,75.743208,72.722402,45.364890
13.557626,26.118188,-22.871785,10.794569,-25.857856,-7.103349,30.256561,0.606213,31.433991,22.867128,13.528478,35.510066,33.632737,35.186024,-56.864252,62.374137,-30.400087,-22.569152,52.492214,93.484707,73.747509,74.859501,74.711917,46.577469
14.428219,25.706725,-23.586196,10.141591,-25.086221,-7.886735,35.063104,-0.180188,30.729929,22.115199,13.731871,35.427199,36.203144,33.647209,-57.332577,61.175188,-31.333777,-24.466910,61.084352,92.034162,75.513088,73.831819,76.490562,47.472575
15.125089,25.280406,-23.957557,8.970530,-23.067738,-9.256829,43.056960,-1.075380,29.806722,21.838488,16.720757,35.338019,38.565075,31.711864,-57.715695,61.115248,-29.238864,-27.304685,72.414004,89.633737,78.092895,72.329616,80.643426,48.703993
15.194813,24.005541,-23.561149,9.243970,-20.221843,-10.864230,48.673820,0.043618,28.688785,21.749277,22.037865,34.943835,43.525396,30.887571,-57.494928,61.007092,-25.747949,-30.371721,88.877915,87.472447,81.373753,70.212467,85.837580,49.226561
15.727011,23.031306,-23.569297,9.055230,-16.448944,-12.208320,51.588817,0.142050,27.270362,22.393503,26.041879,35.278511,50.743346,28.809362,-57.462305,59.295163,-17.470137,-33.386832,111.020314,85.524812,84.969753,67.789946,101.262967,50.156072
16.915132,21.528867,-23.092050,8.959459,-13.734929,-14.688778,52.614695,0.915875,25.847367,23.509157,27.482521,36.039022,58.775984,26.875206,-57.857154,58.996034,-5.455060,-37.343451,131.291685,81.723652,89.586310,64.878912,122.477387,51.192571
18.503375,19.931843,-23.206308,10.045515,-11.615829,-16.458432,48.388235,1.450663,24.209017,26.467562,25.494415,37.411616,67.294187,24.298591,-58.694170,54.890619,7.360242,-40.914630,146.101705,78.132952,94.364139,61.571423,138.248217,52.713113
20.175584,18.465431,-22.648298,10.581389,-11.317108,-18.317005,38.995028,3.596759,22.333562,27.801832,22.118185,37.726053,69.470057,22.640104,-59.452961,55.841037,17.665336,-43.352660,151.640376,74.636850,99.118131,58.681914,150.096587,54.382104
19.482087,17.277022,-23.274383,10.587269,-10.144389,-18.627002,26.852217,4.165168,20.808248,29.147362,13.716195,38.626138,75.362695,20.625224,-60.600096,50.208020,27.909717,-45.438798,152.930421,71.030445,102.786014,56.395795,158.580900,56.516848
19.259855,16.021226,-23.790855,10.703769,-7.811195,-18.843722,16.047311,5.896279,19.823303,30.249301,4.408041,39.221368,78.775901,18.818302,-62.236764,46.072330,35.700414,-46.543261,153.442382,66.815719,106.032879,54.184609,159.766386,58.745032
19.193177,14.858531,-24.029373,10.394704,-2.623987,-18.920055,7.205846,6.906455,19.530663,31.221914,-4.911529,39.339929,78.571403,17.406149,-63.771625,44.354822,43.089175,-46.998181,152.546517,64.132114,108.101205,52.244900,158.276608,60.535685
19.895193,13.925746,-24.186637,9.269978,2.396560,-19.333431,3.306308,7.742459,19.032431,30.923040,-8.731997,39.376074,75.432888,16.068632,-64.635372,46.582361,47.648642,-47.642015,149.795371,62.258469,110.129265,50.923926,155.254443,61.890935
20.807399,12.929085,-24.209116,8.536037,7.136453,-19.877558,2.631648,8.495853,18.274618,31.872474,-11.222992,40.178490,74.835312,14.544819,-65.123973,46.594641,51.041671,-48.987153,144.449672,60.547535,112.685424,49.197315,150.647442,62.966316
21.927623,12.090722,-23.886750,7.944089,9.932534,-20.968999,0.344919,10.698077,17.337693,33.469447,-9.976247,40.838761,74.571276,13.534261,-64.940620,45.771784,51.871972,-51.060628,134.976476,57.887400,115.420136,47.315768,145.726816,63.905278
22.377420,11.360884,-23.125507,7.430208,10.636560,-22.278032,-0.095636,10.351973,16.638122,34.053524,-4.578323,41.243286,73.837192,12.668004,-64.537892,45.107212,49.366805,-52.857388,128.149686,58.043966,117.834086,45.965158,139.939020,64.570728
22.236787,10.455985,-22.615452,7.508968,12.133165,-23.238839,1.679943,11.334734,16.521405,33.336179,3.904052,40.506070,73.284124,11.778933,-64.652410,44.599922,47.130966,-53.537748,124.801709,57.543281,119.665541,45.368334,131.637126,65.511290
23.487635,10.145463,-23.609288,7.199805,14.053649,-22.124199,8.444309,11.855242,16.220645,33.402477,7.256939,40.610908,73.602471,10.759790,-65.682556,44.775077,48.203446,-53.025801,121.101572,55.737915,120.013555,45.437778,119.804998,66.411557
24.580478,9.756631,-24.417536,5.764284,15.002492,-21.605003,14.035474,11.991791,16.539013,32.545185,7.910437,40.890932,76.865523,9.906380,-66.613006,43.690732,49.167577,-53.062149,126.071703,53.360610,120.257744,46.016328,111.404435,67.698811
26.116538,8.647643,-24.549446,5.957815,15.025477,-21.512092,11.686325,12.272312,16.408298,32.043621,7.530976,40.388997,79.670376,8.558381,-67.858973,43.146756,48.943515,-52.610645,124.761942,52.273286,121.580595,45.586386,109.707131,69.114124
28.068632,7.699287,-25.714314,5.387595,14.617912,-20.755138,8.450661,12.452920,14.756553,32.082945,8.751658,40.804904,81.677571,6.769620,-68.191785,43.730792,49.103797,-53.217457,120.044737,51.746909,124.014132,44.672895,107.413861,70.099251
28.376747,6.859268,-25.390361,5.933066,14.898118,-21.134316,9.423154,12.187498,13.740954,31.233478,8.933902,40.747396,82.863319,5.429793,-68.142852,44.857401,49.543891,-53.790135,117.069468,53.399631,126.038197,44.080302,105.189502,70.151220
28.768041,6.333230,-24.734056,5.434921,14.736912,-21.954722,9.694489,11.641783,12.447029,30.941196,9.694394,41.333657,83.530056,4.324535,-67.422167,44.683855,49.335750,-55.651064,113.938681,54.660698,128.696625,43.501963,102.322606,70.341763
29.252401,5.778252,-24.168534,4.254042,13.866507,-22.818078,9.601943,11.147834,11.129640,31.167024,10.578110,41.658408,83.318863,3.299989,-66.515546,42.967813,48.124679,-57.775593,112.473312,54.771107,131.622344,43.035773,99.795260,71.119663
27.960603,4.603169,-23.174134,3.559588,13.415122,-24.001668,13.895335,10.693610,9.850242,30.517367,10.427225,41.017774,80.559721,1.758569,-66.154878,42.280723,46.251661,-59.627535,110.316826,55.108417,135.655214,42.919889,96.685254,72.868763
27.014277,4.085942,-21.779956,3.619506,12.067440,-25.238818,17.207356,10.624672,10.735028,32.347435,9.929657,41.383172,77.592751,0.453607,-65.371033,40.311389,43.811482,-61.536502,121.326393,53.963609,138.212808,44.397786,95.560258,74.331043
26.069964,2.875286,-21.017456,3.583727,11.050943,-25.777636,11.583847,10.999567,12.211796,35.293798,9.580697,40.992180,74.398978,-1.232161,-64.203832,37.482055,41.683527,-62.921245,125.289680,52.803024,138.917970,48.751494,94.200107,76.301599
26.646360,0.924684,-20.152841,4.420272,11.299105,-25.390420,6.153238,11.675927,18.062270,40.815601,9.494486,40.062831,72.258249,-4.220123,-62.503324,39.477476,41.555077,-62.324854,122.959898,53.012235,136.828912,52.730554,91.571512,78.532513
28.520130,-1.624335,-19.239720,5.759891,11.409251,-24.445019,4.208729,11.784575,28.975843,48.724165,10.245262,39.516130,76.347840,-7.851976,-59.324013,36.934546,41.624884,-61.813022,117.765145,53.617497,124.267313,63.832865,88.005218,80.960612
27.958537,-3.570181,-17.107721,6.294864,10.793778,-24.500935,4.800045,12.148837,41.794234,52.224095,10.319729,38.810478,76.961886,-10.807300,-53.298908,37.512690,40.611123,-61.646028,114.298698,53.458509,103.976623,85.196893,85.800668,83.600435
27.235706,-5.632429,-13.886572,5.390492,10.106005,-24.912207,4.623275,13.207147,51.121672,52.307495,9.704803,37.706121,75.848837,-13.345785,-44.220605,39.735832,38.275403,-62.037332,111.493092,52.889493,85.194614,107.059475,84.300916,86.643556
27.582926,-8.647398,-11.226873,1.788132,8.576728,-24.201583,4.187185,12.543300,56.357056,50.195151,10.207486,37.062019,72.896925,-16.204410,-34.841628,40.865832,36.613687,-62.261926,108.064951,53.082788,68.828965,130.801411,82.479545,90.000746
27.957365,-11.245438,-7.556236,-2.271840,7.257855,-23.691664,5.546224,12.626631,57.301071,48.152377,10.844061,35.908942,72.781687,-19.019494,-25.692132,38.888004,35.103610,-62.413919,105.109741,53.351930,56.649638,148.248644,80.348260,93.512081
27.881300,-14.105764,-4.627419,-7.201476,6.116530,-23.514471,7.668697,12.967094,56.788272,43.230731,11.184818,34.507400,77.914446,-21.814698,-19.481474,34.024415,33.440602,-62.623347,102.661284,53.957765,45.009991,158.101855,77.962390,97.259348
26.941767,-16.005944,-2.726589,-9.758212,5.128815,-24.395300,11.912522,14.205399,54.407908,33.803346,10.429874,32.267823,82.303923,-24.785711,-16.124539,36.287991,31.103832,-63.218246,99.598565,55.501688,35.626426,161.730745,75.552167,101.204685
27.779229,-18.500952,-3.389307,-17.448456,3.358340,-23.613977,11.556476,14.676673,45.962386,21.407628,11.615741,30.623439,75.745923,-27.253209,-16.541896,49.909036,28.832622,-64.028084,95.956633,56.394484,31.270227,160.580606,73.251441,105.291337
27.606739,-19.827811,-4.472520,-13.551032,2.248851,-23.991434,13.241944,14.890396,44.848741,11.303506,11.918233,28.917787,77.292566,-28.873307,-18.674961,56.947190,27.220084,-64.840170,93.562102,58.038038,31.755043,157.992817,71.280451,108.294094
27.695963,-20.257603,-4.648250,-11.464118,1.466732,-24.383801,14.231316,15.357403,45.332556,10.093145,12.680418,27.924470,77.398469,-29.349842,-19.137117,58.928135,25.884266,-66.356681,91.927553,59.346286,32.293045,155.636413,68.972931,110.085164
27.636691,-20.423140,-4.855352,-11.754194,0.659362,-25.356774,15.029247,15.909008,46.746406,13.658118,13.199437,27.555692,78.496868,-29.967726,-19.646749,57.013319,24.021428,-68.105039,90.230754,60.894598,32.451930,156.102227,66.503142,111.972680
27.833109,-21.306551,-5.522759,-10.384650,-0.325897,-26.042586,15.941353,15.339379,44.586047,15.310045,14.789220,26.497586,78.934318,-31.127454,-21.340897,57.184064,22.212140,-69.061258,88.434284,62.566066,33.460042,156.120333,64.155209,114.187030
27.371326,-21.688262,-6.088699,-9.944914,-0.898261,-26.038996,16.753675,13.704225,41.254239,13.048863,16.107604,24.452384,78.971147,-32.079917,-23.243377,57.473978,20.635933,-69.360256,86.621732,65.302351,35.460254,154.956066,61.937363,116.902872
26.694358,-21.317855,-6.522984,-8.862724,-1.351915,-26.438227,18.468795,12.686152,39.995401,11.272380,16.947449,22.524829,78.721336,-33.263479,-24.715344,56.786868,19.208896,-69.528592,84.756269,68.173206,36.955656,153.523325,59.935932,119.472426
26.119904,-21.335533,-7.109248,-8.568383,-2.017111,-26.649443,19.476406,12.100137,39.487697,12.182334,17.896870,20.982384,78.844217,-34.978166,-26.309475,56.373828,17.695170,-69.556462,82.940707,70.044392,37.724711,153.167481,58.595683,121.951817
25.478984,-22.012571,-8.184629,-8.548900,-2.576638,-26.887238,20.684343,10.909708,38.872238,13.344873,18.614695,18.978462,78.652768,-37.583233,-28.689546,56.351203,15.855007,-69.218980,80.828617,72.729623,38.495017,153.656437,57.651310,125.372672
24.946540,-21.977177,-9.085300,-8.352581,-3.106069,-26.307070,22.816387,11.381131,38.770574,13.369842,19.043811,16.721572,78.705789,-39.672199,-30.776997,56.385058,14.450733,-68.948038,78.509506,75.055326,39.684343,153.788376,56.210261,128.779782
24.761702,-21.522734,-9.186933,-8.657555,-3.869797,-26.586505,24.306128,12.708813,39.359459,10.806979,20.228766,15.244333,78.389612,-40.451087,-31.655195,58.739549,13.099768,-69.461400,76.543370,76.270054,40.303015,153.911123,54.388582,130.976264
24.905921,-20.186151,-9.056887,-7.339022,-4.647732,-26.967603,25.675046,17.923642,40.121707,5.998504,21.187816,14.221954,79.524270,-40.894938,-32.267229,62.120775,11.959241,-70.081987,75.283931,75.853797,40.668659,152.642047,53.114146,132.786006
25.432169,-18.133479,-9.453385,-3.695638,-4.665225,-26.275240,27.141361,21.468841,39.944102,2.141986,22.230414,12.917563,79.669078,-38.459568,-33.321792,65.362496,11.078184,-69.888327,73.937510,79.073359,40.728500,145.347299,52.879573,134.782621
25.031847,-15.384068,-10.829061,-1.147328,-5.415556,-25.428713,28.277886,26.955422,40.679647,3.981827,22.413614,11.663721,79.284730,-36.182912,-35.815775,65.934940,10.273085,-68.989976,72.509313,82.994552,40.392600,139.349344,53.229792,137.602069
24.149362,-10.619396,-12.332490,0.672974,-5.376848,-24.606141,29.213002,34.773021,41.518465,5.793514,22.646211,10.089974,78.474944,-29.464073,-38.342640,66.219692,9.576831,-67.900518,71.010667,84.935104,40.315449,135.046530,53.168572,140.674134
23.626725,-3.646010,-14.076610,1.353115,-5.941468,-22.774596,29.509996,34.921915,42.131423,7.269905,22.891495,8.582880,76.804728,-16.116260,-40.698095,67.105835,8.163279,-67.500468,69.254448,98.303123,40.653508,131.583255,53.000153,144.663821
23.672278,3.166702,-15.618516,2.090708,-6.767892,-21.066734,29.411951,33.587730,43.260403,8.483523,23.716544,7.704383,74.929624,-1.293098,-43.125867,67.658923,5.578555,-67.100361,67.571345,113.380084,41.127948,128.317820,52.732186,149.409896
23.776354,10.224746,-16.863915,3.102051,-7.900774,-19.529362,30.294241,26.570946,44.029551,10.692250,24.268640,11.672639,74.240054,12.473653,-44.954088,66.768679,2.032337,-65.947000,65.052040,129.689236,42.526802,123.751276,52.496175,152.022581
24.520478,16.750010,-17.383366,3.469602,-10.486778,-17.356839,31.450365,11.789638,44.326475,13.583751,24.634701,20.482384,74.662810,23.450944,-46.474911,64.286544,-3.681601,-63.924208,61.006072,143.582265,45.553704,117.527677,52.357181,150.710175
23.913207,21.014090,-17.879668,4.319562,-13.379384,-17.471497,31.785350,1.498745,45.255665,15.365460,25.076706,30.895687,73.477893,31.598030,-48.524335,63.121661,-8.848482,-60.262886,57.856808,147.557447,48.891964,112.139516,51.447729,143.237600
22.957433,24.737812,-18.327831,4.876145,-15.910339,-16.910144,30.818832,-11.328823,45.249735,16.247647,25.795978,40.376872,71.130099,37.333393,-49.769140,62.321876,-13.950502,-56.517754,55.234022,148.493361,52.397963,107.162669,50.734887,130.510371
23.106915,26.782057,-18.393997,5.085346,-18.164930,-15.422190,31.727405,-15.475694,45.400979,18.503342,26.951374,48.550942,71.888725,41.117449,-50.768513,60.296796,-17.334575,-50.544233,53.446071,145.756727,55.272374,103.712667,50.247115,114.012348
22.032217,27.536106,-18.808142,5.630893,-20.392341,-13.503711,31.175231,-14.907618,45.377753,19.113549,27.544562,53.721287,70.146993,43.244768,-52.220081,59.910054,-20.560724,-41.325179,51.695444,140.812560,57.771472,100.349638,50.042760,96.979734
21.746202,29.344149,-19.692949,5.419761,-21.702953,-11.573443,31.150055,-9.198437,44.977777,20.384933,28.751148,56.410847,67.914882,42.834428,-53.471360,60.094884,-23.976362,-34.097587,49.538565,135.257957,60.263533,97.036019,51.062045,82.543897
20.162146,28.520115,-20.313353,6.245461,-23.023031,-10.096688,30.128132,-0.946003,44.081827,20.190399,28.169851,57.416605,66.774682,40.861173,-55.049602,59.398937,-25.774241,-28.383981,48.651509,123.549014,62.779361,94.759418,52.229741,69.651573
19.026925,28.358599,-20.056688,7.165216,-23.923771,-8.895130,30.986944,-0.060008,43.536323,20.007539,26.928094,55.528994,59.125872,42.473044,-55.669901,65.951460,-25.921942,-24.690699,47.718730,115.858679,64.452296,93.742777,52.664996,58.144331
19.461775,28.721275,-21.277159,6.775446,-23.885250,-6.943810,30.465051,0.872168,43.004904,20.192345,26.104367,54.915641,58.014350,42.210183,-56.496880,65.966272,-26.056676,-20.962729,47.050400,112.907198,64.980223,92.834286,54.414665,49.426515
18.890941,29.070377,-22.197442,7.158928,-24.186950,-5.763783,31.172448,4.431424,42.302629,20.037927,24.457534,53.610221,56.565139,42.587292,-58.022654,66.436613,-25.867681,-18.106102,45.385834,107.481328,66.446598,91.613377,57.155826,43.129538
18.595129,28.768030,-23.481519,6.882186,-23.788889,-4.351731,30.975497,4.853566,42.132304,19.450772,23.312323,50.898232,54.741222,42.745440,-60.323200,67.525411,-25.389039,-15.506540,44.297643,104.152907,66.815466,91.078543,60.238659,38.388932
19.217725,28.714170,-25.035666,6.381158,-23.144390,-3.574839,29.427676,1.630115,41.426673,19.778739,22.825802,47.659872,54.013150,40.761559,-60.983484,67.242504,-25.683354,-15.769876,45.002857,104.694478,67.059601,91.006035,61.978163,38.680874
18.405731,27.101210,-24.091597,7.419225,-24.555723,-4.538004,30.864513,1.008647,40.142638,19.233518,22.189055,46.647734,52.326175,38.801309,-60.421684,67.933247,-27.815394,-17.501618,45.494542,104.901898,70.320759,89.049787,61.408007,38.010535
19.702209,25.960559,-24.313150,6.699425,-26.048734,-6.526036,36.906784,-2.048098,37.900345,19.672372,22.992547,47.368536,50.690161,35.498104,-59.689648,69.461413,-32.936008,-22.071545,61.231540,104.474595,74.740609,86.185720,62.352696,37.716042
19.225196,24.390323,-23.382740,7.163433,-27.815273,-8.990008,45.182104,-3.397339,34.678092,19.835656,22.269837,45.873678,55.979154,32.680691,-59.030496,65.679568,-37.109432,-26.593966,71.965130,103.906153,80.096616,82.940876,64.040767,38.022504
18.934247,23.028711,-23.246708,8.377385,-28.711765,-10.729928,52.288554,-4.243337,30.780491,21.926997,20.871478,43.878211,62.537034,30.233090,-58.965871,62.106940,-39.496879,-29.381252,85.948526,102.882427,85.156059,79.985590,66.615817,39.415305
18.989576,21.777684,-23.307012,9.146065,-28.893362,-12.181767,53.976263,-4.314378,27.545389,22.421882,19.010701,41.449911,65.921278,28.151167,-59.469316,60.795124,-41.132296,-31.354695,104.782036,100.350551,90.020964,77.696388,70.307647,41.671058
19.591082,20.800721,-23.455476,9.656796,-29.415045,-13.360314,52.142712,-3.768208,24.817980,22.733186,17.194449,39.024560,67.075533,26.617122,-60.244704,60.615732,-42.233340,-32.596637,123.811575,97.952375,93.925357,75.837387,73.915454,44.176735
20.255328,19.905693,-24.237942,9.172405,-29.287388,-14.177232,46.920937,-3.484761,22.445721,22.936029,15.865575,37.884147,70.082335,25.121215,-61.216501,57.715285,-43.194649,-34.593094,139.538438,94.164319,97.776573,74.032431,78.415499,47.139893
19.050003,18.685231,-25.049871,10.310503,-27.866525,-14.686594,39.120054,-2.288970,20.755053,24.014287,18.465664,38.062815,78.352369,23.185033,-62.863885,48.374669,-42.023893,-36.377249,149.688180,89.652897,101.690308,71.697243,81.795596,49.713712
18.976131,17.322894,-25.419235,9.576798,-26.865802,-15.544081,27.949299,-0.497698,19.222748,24.088848,19.499044,39.063617,76.451544,21.102623,-64.537790,49.200337,-40.195952,-38.585179,153.438763,85.147439,106.094153,68.902520,84.922137,51.626040
19.599036,15.341933,-25.556281,8.495823,-24.014415,-16.824600,17.814746,1.246175,17.937526,23.308353,23.800849,38.832732,74.281141,18.411713,-65.993113,50.539327,-34.580767,-41.453805,154.332405,81.016517,111.366578,66.159302,90.262727,54.535509
19.941093,13.654816,-25.218610,7.616032,-19.325611,-18.204199,10.394705,2.535848,15.930239,24.216062,26.902713,38.883675,72.444710,16.124740,-66.679404,50.165365,-24.170440,-44.414226,154.265127,77.247832,116.981514,63.254779,103.410882,57.226970
20.743920,12.641025,-25.326264,6.748534,-13.440873,-18.731091,4.570166,3.410277,13.794787,26.322402,25.003580,39.656725,70.779826,14.379590,-67.049771,49.690950,-4.485988,-46.489742,152.183582,74.424947,121.484013,60.424483,122.571056,59.118720
21.695509,11.539219,-24.585771,6.139566,-8.613068,-20.326044,2.820366,4.604635,12.318370,27.585078,21.243397,40.056727,72.751324,12.704374,-66.894266,47.755470,14.535408,-49.107795,148.089294,72.271964,126.249727,58.041160,137.632152,60.754364
22.697936,10.651490,-23.876283,5.298817,-4.024222,-21.635209,1.098406,6.516993,10.436311,29.518119,11.696227,41.008246,73.008440,11.127405,-66.625004,45.966832,29.724430,-52.107620,142.814548,69.048013,131.266635,55.644412,148.209891,62.432240
23.327113,9.133942,-22.719398,4.145394,0.377844,-23.440840,-0.688838,8.047315,8.758460,30.204784,3.601850,42.090626,73.086059,8.841299,-66.617237,43.051215,39.212487,-55.717064,131.641035,66.677906,137.485097,53.322617,152.417651,64.568555
23.973394,7.928224,-21.274785,2.657482,3.572102,-24.828320,0.507402,9.974908,7.720563,30.742973,0.834851,43.474342,71.361743,6.437251,-65.934731,42.238394,42.566387,-59.169401,125.721234,63.670631,142.251440,51.711742,150.572254,66.752736
24.261009,6.744726,-20.840118,2.394888,7.285035,-24.607677,1.838041,10.994613,8.241706,31.485126,-2.675739,44.138182,69.057822,4.401078,-65.395792,42.548827,45.319576,-59.753504,122.319520,61.237538,142.910974,51.028376,144.584940,68.610185
24.614207,5.306425,-20.106569,2.865338,10.912437,-23.567426,4.006331,11.412263,9.840327,32.338148,-1.730551,43.509252,70.171404,2.133556,-64.479290,39.986469,47.254567,-58.656332,119.419102,58.806653,143.504974,50.488920,134.703384,71.071582
24.985492,3.339737,-18.801910,1.746525,13.536178,-22.963356,4.919777,11.423473,16.136295,32.662199,-2.218585,43.195973,70.637807,-0.731464,-61.264966,36.541897,48.365591,-58.970784,115.848685,56.118030,142.276695,49.735329,124.813238,74.436002
25.320386,0.694300,-17.228716,0.819014,13.398952,-22.569818,5.891010,10.916685,27.317619,33.540422,1.755363,42.800263,70.286982,-4.453049,-56.904434,33.676330,47.679528,-59.687034,112.086384,55.154580,132.160009,48.226635,117.450363,78.009780
25.781044,-1.349460,-15.394951,-0.859623,12.456374,-23.236022,7.368247,10.649384,39.999916,33.968077,10.135282,41.329477,70.710530,-7.489345,-51.247475,31.096071,45.003408,-61.041333,108.499559,55.109645,114.592927,47.232701,105.861068,81.733099
25.702217,-3.261385,-14.029499,-1.685640,12.634092,-23.431617,8.094781,9.665457,50.750322,33.888943,11.807232,40.364978,69.869894,-10.265705,-45.200053,29.714894,45.119649,-61.435423,105.917075,56.065087,95.043046,46.580665,96.417658,84.476817
23.986839,-4.958409,-11.261369,-1.996093,14.108583,-24.768313,9.371182,11.926607,59.864777,32.507044,12.132238,37.918976,70.534919,-11.920835,-36.524306,26.769731,43.054420,-62.298262,103.224572,55.346536,71.876974,45.748581,90.541908,87.566003
24.212558,-7.845306,-8.668120,-2.527875,12.985024,-24.546497,10.997081,11.536773,63.104006,33.358534,13.319058,36.418753,70.512812,-14.953750,-28.793178,24.429399,42.014100,-62.089371,100.183245,55.377072,57.664197,44.845200,86.857866,91.583355
24.246742,-9.883975,-6.559896,-2.636205,11.584694,-23.924641,10.614233,11.319874,61.839446,32.222917,10.422012,36.183036,69.614064,-16.973358,-23.604457,22.477102,40.961691,-61.859737,98.920310,55.115779,44.431566,45.741522,86.990855,93.886074
24.321748,-11.098909,-4.700067,-1.676573,10.211665,-23.959390,10.588817,11.187394,58.516098,31.543701,9.035599,35.230520,70.184950,-18.285138,-20.046598,18.896325,39.292488,-61.961057,97.844778,54.763247,34.425410,47.091329,87.728267,96.045306
24.620521,-13.462152,-3.801158,-0.944580,8.995709,-23.662658,11.179870,10.911099,50.946663,33.156896,9.970621,34.319808,70.610243,-19.785080,-17.183435,15.458397,37.885206,-62.369065,95.848611,54.314064,28.860211,47.700032,86.362834,98.448411
22.059866,-13.003037,-2.837110,2.017133,9.849009,-26.264456,12.866572,10.570758,46.829370,35.124002,10.246766,31.401920,70.579180,-21.304506,-16.106061,15.762797,36.176490,-62.912216,93.916999,58.386132,29.753487,63.592052,81.825058,100.980926
23.969726,-15.209961,-3.822568,2.609679,8.049301,-25.583885,11.821603,10.494514,42.713373,43.299293,10.088125,31.184189,69.600803,-22.524491,-16.821586,18.209752,34.560564,-64.384845,92.170272,57.901738,31.222665,80.431463,81.363237,103.644147
25.545216,-16.178832,-5.233393,3.408667,6.419119,-25.267068,11.480028,9.158944,38.589107,48.485714,10.603653,30.176191,69.821152,-23.350003,-18.409259,23.421300,31.887415,-66.136753,90.437041,59.384838,33.025892,102.942674,80.535213,106.496116
25.369996,-16.903564,-6.060221,1.363446,4.884011,-26.618077,11.542060,7.795661,37.706371,47.956920,11.474200,27.540769,65.986556,-25.396296,-21.071657,35.665387,29.244573,-67.487708,87.338716,62.696754,34.780500,127.341865,77.172186,110.411274
25.502337,-18.680142,-7.541889,0.102268,3.646700,-26.362320,14.797590,8.691071,37.471991,43.991170,10.847114,24.684172,74.814652,-28.518023,-24.210920,36.677508,27.164267,-67.570479,85.004804,63.602339,35.755840,144.487156,76.067208,114.894262
25.810310,-20.387428,-9.711346,-4.544843,2.399143,-25.760311,17.873530,9.354790,37.700802,34.098342,11.804737,21.887834,73.565494,-31.899395,-27.849715,44.106616,24.816305,-67.329905,81.160093,64.810232,36.275082,152.937077,74.275889,120.209251
24.844288,-21.532320,-11.670260,-10.149023,1.458900,-25.730210,17.851118,10.579930,38.642978,21.152730,13.943247,18.914887,69.195907,-35.556188,-31.482883,54.518434,22.918241,-66.931724,77.684334,66.636301,36.970607,155.106738,70.678766,125.336010
25.259065,-21.778123,-12.371453,-9.371997,0.772811,-25.661643,19.528113,11.626419,38.885889,10.966248,15.043351,16.040550,69.533991,-37.253267,-32.703784,63.734135,20.694335,-67.565539,74.930096,67.670286,37.946259,154.459457,68.977401,129.421555
26.331174,-21.746600,-12.473556,-8.239181,-0.547037,-26.207520,20.377113,12.882773,39.140271,5.422578,16.306206,14.191781,70.647368,-37.869460,-33.233510,66.989549,18.371999,-69.390798,72.884698,68.888761,39.111381,152.462250,66.988095,132.630963
25.720533,-20.948644,-11.534837,-5.231085,-1.185838,-26.641453,21.634325,13.787667,39.886315,5.734337,17.598693,12.741491,71.331703,-38.804763,-33.691027,66.475231,16.902566,-70.645259,71.156030,71.528381,40.638020,147.098664,64.087631,135.055965
25.406592,-20.621989,-11.620608,-2.255075,-1.700877,-26.628958,22.888866,15.417590,40.600751,5.464994,19.173504,11.796582,71.050607,-39.781879,-34.665990,68.395855,15.646509,-71.298000,69.590059,71.849836,40.978451,141.210276,62.240942,137.185816
25.368007,-19.436249,-12.270421,0.665927,-2.166635,-26.239552,24.119235,19.206352,40.740092,4.526529,20.629655,10.748909,71.744993,-39.368645,-36.055063,69.583725,14.616935,-71.400002,68.009976,71.913706,41.397011,131.799131,61.051705,139.550290
24.765113,-15.895610,-12.977758,3.720387,-2.575414,-25.799956,25.978851,25.407357,41.588679,6.531245,21.023191,8.867254,71.932720,-36.954948,-38.119135,69.879647,13.713024,-70.962768,66.390103,74.124178,41.573980,119.665344,60.773154,142.871454
24.553576,-10.952818,-14.599823,4.518790,-3.304450,-23.800199,26.921301,31.675490,42.547077,13.207009,21.880255,6.903593,71.747930,-30.066746,-40.791061,66.857517,12.123231,-70.722523,64.422843,79.553045,41.876949,113.266841,59.977828,147.519698
23.787390,-4.344601,-16.177900,2.605870,-4.097405,-22.107690,26.843182,32.126615,43.679866,19.536604,22.702690,6.247530,69.414628,-17.828495,-43.500310,62.678373,10.016371,-70.237633,62.332029,98.179150,42.583428,124.049191,59.027495,152.189861
23.483440,2.549276,-16.937245,-1.694920,-5.037355,-20.498880,28.035011,30.835283,44.581758,22.698126,23.317576,11.332882,68.302902,-3.754034,-45.523820,57.636726,7.624976,-68.518918,60.045359,120.090524,43.979913,138.043245,57.913515,155.394971
24.346521,9.405547,-17.299332,-6.818490,-6.660968,-18.837262,29.123760,23.683859,44.930554,27.463437,23.722405,17.063679,65.196401,10.042404,-46.598433,56.280800,3.762581,-67.080288,56.681854,132.763976,45.964743,150.215440,57.752957,154.079717
24.604374,16.061313,-17.772408,-12.323195,-8.877065,-18.918741,29.246898,10.694714,45.451348,32.368901,24.172033,23.810728,65.015134,21.862260,-48.384999,51.922948,-0.822219,-65.121251,53.717015,145.632647,48.785849,158.868543,57.092069,149.690213
24.171086,21.521545,-18.853494,-18.389106,-11.008428,-19.000088,30.211990,-0.146707,45.337746,34.490887,24.729484,31.312919,64.151421,31.473912,-50.337541,49.553082,-5.903006,-63.460651,50.071586,151.539451,52.204647,164.579259,56.891768,142.468090
24.121427,25.128172,-19.276971,-19.586334,-13.885410,-18.468660,32.315882,-7.963607,45.988865,28.130533,25.323409,39.672674,65.218917,37.788403,-52.271320,53.084549,-9.950943,-59.230873,46.761383,152.045387,55.192004,164.761061,56.836197,130.014697
23.657901,27.397415,-19.377761,-16.657575,-16.655314,-16.400955,32.497763,-10.424558,45.575668,10.930604,26.171245,46.804669,65.415664,42.254941,-53.003905,62.272586,-14.371217,-52.633170,43.803536,148.976610,58.422439,161.280487,57.087409,115.026626
23.543952,28.421770,-18.596055,-6.257248,-18.872211,-14.670246,33.861868,-11.687196,45.378868,-4.236263,26.864906,52.154176,66.096698,46.195650,-52.970017,67.719463,-17.327891,-43.835435,41.993825,142.414872,60.798296,149.538318,56.688275,98.738715
23.542225,30.414000,-18.747465,0.798326,-19.636967,-12.336742,34.533969,-12.515130,44.444064,-7.415745,27.849616,56.100251,65.967230,48.010429,-53.242117,69.748544,-18.715770,-34.564084,40.951535,133.494449,62.499059,132.803013,56.513939,84.996747
22.638210,31.301162,-19.037106,3.899609,-20.257811,-10.992344,34.109129,-10.652734,44.575777,-4.055145,27.783344,57.419544,64.229893,48.884002,-54.217993,72.900364,-19.408323,-27.781420,40.663747,126.572396,63.429307,124.662949,56.658134,72.430023
21.834507,32.590933,-20.378398,5.692982,-20.051160,-8.475243,33.586838,-6.124650,44.154383,-0.973585,27.749993,58.112010,61.756736,47.797426,-55.208155,75.949643,-20.064978,-23.065304,40.254650,122.370699,64.033645,118.328057,57.752373,62.448094
21.109809,32.411227,-20.605441,7.894880,-20.462197,-5.776973,33.472444,2.211278,43.722565,0.915198,27.588485,57.037138,61.197895,47.221006,-55.938066,75.971909,-20.056656,-18.486163,39.886194,115.823113,64.839628,109.764605,58.176526,53.969018
21.369085,33.383096,-20.361702,6.147720,-20.779255,-4.621825,32.202189,3.119613,42.794314,7.818454,27.179008,55.743523,59.954313,48.701296,-55.716992,68.033972,-20.121332,-15.171653,39.512855,107.169596,65.524806,112.497155,58.514210,47.546854
21.016668,33.241729,-20.766292,0.478025,-20.939238,-2.853172,31.911066,2.614598,42.487004,13.351461,27.182489,53.761531,58.572577,48.246012,-55.826002,54.930886,-20.269323,-12.535663,39.949621,105.631167,65.983775,128.974946,58.231749,42.484750
20.861455,34.847407,-21.192302,-4.635971,-21.240068,-1.683211,33.323147,8.012174,41.810979,16.649359,26.992660,52.096715,61.368518,49.154697,-56.150240,37.174652,-20.404302,-10.614691,40.041057,99.715220,66.889487,144.431061,58.058996,38.841932
19.647584,33.858838,-21.311062,-10.994429,-21.478386,-1.139730,33.451295,7.651035,41.129096,14.500974,26.351355,50.029171,57.236555,48.667892,-56.464823,26.724653,-20.162504,-9.833705,39.714531,97.196259,67.796991,155.469141,57.960518,37.806096
18.929613,33.821739,-21.689182,-16.825664,-22.108377,-0.827583,33.294849,6.979672,40.532397,9.229921,26.390008,50.053952,54.996241,48.803497,-56.985239,21.386130,-21.034209,-9.500184,39.049351,95.379553,69.052092,160.771810,58.745157,37.714281
18.042893,33.031754,-21.949480,-14.054865,-22.269285,-0.588793,34.036323,6.251047,39.941210,-1.423472,25.902772,49.111135,54.537348,48.241849,-57.658429,25.540693,-21.114588,-8.951833,38.588405,95.063928,70.120258,157.240142,59.243384,38.267390
16.992050,31.771656,-22.344992,-6.026005,-22.074609,-0.388460,35.042375,5.796631,38.914017,-14.548043,24.976498,47.937589,52.979132,46.540484,-58.275284,34.960841,-20.657498,-8.507733,38.550935,95.083541,71.131940,145.656304,59.267397,38.648398
16.517884,31.306472,-22.667537,-1.120219,-21.879600,-0.215264,34.851835,4.764292,37.631088,-20.509439,23.787965,46.112346,51.037315,45.057202,-58.254760,46.076564,-20.298080,-8.373241,39.184364,95.690192,71.818806,130.830588,59.507282,38.929861
15.933538,30.522485,-23.067327,2.134688,-22.150856,-0.504078,34.431155,3.915433,36.527584,-18.545742,22.695387,44.531787,50.076445,43.219700,-58.694649,52.401958,-20.883320,-8.885383,39.553682,95.451479,73.442615,121.722451,59.740493,39.234013
15.511751,29.576207,-23.220964,3.321101,-22.533910,-1.121181,35.639748,3.535760,35.295282,-13.662438,21.534015,42.802491,48.632858,41.106439,-59.309812,54.509264,-21.623256,-9.813693,40.339098,94.766355,75.487816,115.371401,60.144356,39.568123
16.699147,29.008276,-24.075002,1.228166,-22.579666,-1.519416,39.468879,2.074924,33.556618,-5.221747,20.980008,41.858358,50.572891,38.356307,-59.861000,54.198472,-23.128341,-11.468640,50.946923,93.924113,77.917673,123.078829,61.458516,40.168338
16.562458,27.904158,-24.159727,-0.625613,-22.855304,-2.352088,45.300116,1.180832,32.079423,4.942977,19.136837,40.443202,53.339678,36.694513,-59.947026,56.084767,-25.118460,-13.885557,61.356073,93.194608,80.722252,136.308290,63.485896,40.917798
16.390075,27.325578,-23.839846,-4.015831,-23.411025,-3.328410,52.120979,1.071169,30.993645,13.787666,18.312513,39.447631,55.432007,35.734668,-59.685218,63.223142,-27.150902,-16.456009,78.062279,91.344764,83.024093,149.852982,64.855771,41.212159
15.755621,26.606584,-23.212399,-7.222343,-24.512329,-4.861019,55.739639,1.050733,29.894973,23.964844,17.757869,38.934309,60.005778,35.106426,-59.255527,61.323713,-29.724137,-19.873058,100.145969,89.690544,85.762870,159.519965,66.899207,41.630979
15.751807,25.872808,-22.916663,-17.110302,-25.318213,-6.462238,57.746463,0.572630,28.674196,36.036697,17.506920,38.393730,60.260852,33.679016,-59.072916,51.531098,-32.527614,-23.511680,124.269011,87.452305,89.002224,166.185609,69.014826,42.356918
16.200359,24.868532,-22.820769,-26.116186,-25.749873,-7.916858,57.220281,0.703757,27.540540,48.764151,17.200000,37.878272,62.718895,31.941861,-59.146500,35.498783,-34.501335,-26.283619,142.962321,85.641685,92.296392,170.713691,70.599691,42.937425
16.839465,24.120604,-22.866979,-29.272952,-24.978474,-9.111505,53.795564,0.583977,26.672849,46.401713,18.392564,38.399729,67.524027,30.736073,-59.532172,38.074515,-34.366433,-28.091741,155.708442,83.688242,94.560430,170.929392,72.942394,43.440254
16.761787,23.318752,-22.814177,-29.532923,-23.338970,-9.739580,43.926133,1.627950,25.012691,27.271893,21.817674,38.694063,68.053974,29.900637,-59.957902,55.051764,-31.461606,-29.511154,161.378607,81.631825,97.399709,170.019868,77.220457,43.905825
15.788022,22.928096,-22.746818,-26.087213,-19.501687,-10.835743,27.478915,2.295540,23.430160,-1.549736,25.318139,39.122652,65.556698,29.436312,-60.095167,70.456276,-23.389605,-31.051608,161.851741,79.139852,99.884430,167.617624,86.516319,44.724426
15.982902,23.439188,-22.113003,-7.147955,-14.925281,-11.268009,13.013215,4.289672,21.626982,-20.862167,23.093247,39.525832,61.787173,30.098303,-59.895700,75.122597,-10.419931,-32.171658,160.275052,76.547171,101.954419,155.925444,94.550494,44.988671
17.394411,23.378745,-22.062829,2.205622,-10.025597,-11.570177,4.764106,5.483701,20.949124,-19.990182,17.048635,40.130475,61.435061,29.971336,-59.938873,77.946335,3.661079,-33.064478,156.544135,74.828483,103.439617,139.014343,101.080641,45.184550
18.721032,22.585198,-22.077168,5.699422,-4.123563,-12.156689,7.416019,6.004394,20.631201,-14.654596,10.718557,41.008348,67.837602,29.197926,-60.311546,81.133949,17.195648,-34.276157,153.808856,73.703120,105.029730,131.625220,105.963642,45.215053
20.131967,22.005674,-22.306844,8.429548,1.306883,-12.405972,8.057290,6.480489,19.992237,-12.928244,4.530762,41.780965,69.166491,28.153488,-61.009723,83.567665,27.640084,-34.645039,148.929299,72.740726,106.395843,120.495114,109.576493,45.309445
20.910943,21.794984,-22.182223,9.860560,6.972806,-12.519975,4.703613,7.382332,19.510295,-10.275525,-3.096839,41.752872,69.027566,28.079685,-61.381682,79.945541,35.884491,-34.661298,142.509594,71.891828,107.134342,110.432826,109.354757,45.553677
21.870111,21.823193,-22.627727,4.154882,8.319447,-12.266673,0.062532,7.087973,18.925971,-1.332142,-1.977083,42.362364,66.420901,27.632521,-61.458745,68.441756,38.406925,-35.053895,136.501551,71.279511,107.773323,125.687324,107.517946,45.816005
22.333554,21.399479,-22.570673,-2.228844,8.319409,-12.481460,-2.554883,7.297406,18.910789,6.555479,3.415247,42.264873,67.526664,27.265723,-61.731252,55.605316,37.587488,-35.016402,131.582703,71.524855,108.140668,141.926538,106.338657,45.737876
22.190270,20.240276,-21.484128,-7.001886,9.778383,-13.013885,-3.057374,9.225873,19.632987,15.368294,10.965826,40.790995,69.970451,27.174940,-62.217071,45.185126,37.949432,-34.752717,127.182705,72.060309,108.534022,153.289443,98.573549,45.457271
22.707915,19.656083,-21.422699,-14.211718,11.939347,-13.533501,-5.690524,9.298099,19.826444,24.104017,11.018679,40.679259,69.728909,26.350758,-62.664517,34.195426,40.456484,-35.069884,120.802961,71.873847,109.315339,161.867469,92.079862,45.716539
24.051365,19.413759,-22.323175,-23.138088,12.110275,-12.931527,-7.336986,8.101324,18.981434,33.161907,12.271530,41.448984,69.438455,24.940357,-63.390143,19.396871,41.719099,-35.249682,114.602714,71.472777,110.257523,168.297613,89.565565,46.362528
23.350304,18.593521,-22.071134,-26.718913,13.269513,-13.337148,-4.662937,8.738686,19.343158,37.235011,18.251280,40.444023,72.487303,24.337210,-64.245627,2.246579,41.914487,-35.088656,113.606506,71.155212,110.875703,171.439411,81.777603,46.937470
21.753637,18.208398,-22.421037,-31.533074,13.836307,-13.036113,-1.819560,8.910102,19.578930,35.682401,17.566105,40.325501,65.628458,23.308519,-65.179122,-2.086305,42.479329,-34.928215,120.199856,70.661319,111.203105,171.840360,79.580137,47.489089
20.073362,18.100315,-22.991343,-32.506428,13.697148,-12.827631,3.486805,8.402468,18.085115,21.954837,18.412954,40.868227,60.658804,22.608054,-65.188324,6.024826,42.680717,-35.273696,130.868559,70.232081,112.547282,170.371211,78.662280,47.797669
19.366808,17.266520,-23.410229,-22.690115,13.286518,-13.198194,8.907283,7.686443,17.199312,-1.557727,17.203361,40.927897,56.208656,21.300142,-65.310074,23.309781,42.967088,-36.028987,139.962779,70.614627,114.263145,164.840686,77.747195,48.051274
18.172499,16.338400,-23.637018,-8.853018,12.882643,-13.592336,17.634333,7.731065,16.398013,-19.069020,16.182538,41.113854,53.556154,19.965754,-65.843600,32.184072,43.065455,-36.772962,148.192261,70.444193,116.120600,149.269541,76.600088,48.400572
16.469718,15.709438,-23.543139,-3.501023,11.770926,-14.283946,27.225708,7.413968,15.827333,-23.876869,16.459771,41.008565,49.983272,19.131908,-66.173794,40.042167,41.780088,-37.768872,155.037604,69.263337,117.985670,135.349714,75.097253,49.575386
13.841030,15.232051,-23.631670,-3.801009,10.554929,-15.001234,36.086417,6.984357,15.570301,-18.584835,15.296524,41.127692,45.760258,18.625639,-66.134195,42.983419,39.672113,-39.581811,161.491594,67.491983,119.651443,136.399895,75.123857,50.885882
12.258540,14.634453,-23.415196,-7.792653,9.155338,-15.748076,43.365637,6.602644,15.110774,-8.161680,15.686695,41.322891,36.450789,17.904659,-66.062186,43.978773,37.667726,-41.343962,167.990430,65.800934,121.716497,147.494548,73.774911,52.183121
11.478012,14.074860,-22.579639,-12.264110,8.017405,-17.227063,45.451184,6.682040,14.304092,6.606482,16.227383,41.038614,29.777184,17.417396,-65.351830,41.796316,35.151866,-43.545199,170.788693,64.415239,124.372768,156.857232,71.845060,53.336078
13.492461,13.062348,-21.273581,-22.410356,6.328558,-19.346302,40.928489,6.993168,13.325990,25.572295,16.752518,40.543661,23.006173,16.943806,-64.006874,37.870153,31.677063,-46.943761,171.164517,62.534812,127.943056,164.740765,69.389075,54.847943
11.871319,12.867464,-20.236211,-29.241784,3.237904,-21.766435,26.792690,6.619347,11.639868,47.178531,18.525756,40.693180,16.720340,16.499495,-61.813686,20.681054,27.707878,-51.364022,170.140261,60.421644,132.296895,169.332790,66.993523,56.565679
10.424494,12.617854,-19.199708,-27.321872,1.605787,-23.178584,5.782557,6.392442,10.203555,64.892249,19.357993,40.961724,16.272313,15.870996,-60.167726,3.368272,25.310712,-54.478653,167.522217,59.603790,135.976105,171.864523,65.204301,57.527748
9.616654,13.095555,-19.825175,-29.260128,0.725989,-22.569233,-14.270271,6.554532,8.057969,67.786891,20.401347,41.683108,19.183742,15.175318,-59.412775,1.132926,24.561770,-55.874192,161.693721,58.195896,138.330017,172.603323,64.637904,58.032443
11.401803,12.177456,-19.533903,-36.420590,0.962533,-23.168319,-17.102770,7.423647,7.241340,50.800129,21.061175,40.518777,25.671507,14.484373,-60.117201,16.947521,24.512614,-55.585348,153.786288,58.401311,140.269928,171.852828,62.916933,58.863236
14.089104,10.881956,-19.008301,-35.057714,1.557066,-23.963084,-13.015041,9.468008,6.579488,15.903500,20.895253,39.879093,33.882536,13.424765,-61.288929,45.215823,24.021153,-55.202726,146.887436,57.385896,142.672070,170.601980,61.379395,59.817102
16.236550,10.008263,-18.606313,-20.091433,1.285286,-24.260793,-12.021667,11.880852,5.360582,-17.744870,22.967627,39.136171,42.881396,13.009405,-61.945293,65.078079,24.090686,-54.867004,139.402600,55.694223,144.760348,164.807210,59.480157,60.541357
17.853102,9.521560,-18.403315,-3.276722,0.934154,-23.994121,-15.540443,13.696770,3.677078,-27.327582,24.886248,38.565109,47.744524,12.873182,-62.407109,64.488281,24.149758,-54.399108,131.225024,53.942968,146.821202,148.599583,58.082434,61.345623
17.672433,8.457676,-17.376040,0.761767,1.172552,-25.002605,-16.446848,16.523405,3.515687,-22.644843,24.653865,38.145167,51.025626,12.382749,-63.018429,68.688141,24.329029,-54.520101,122.135785,53.213736,149.484666,142.949012,56.623372,61.492584
18.415751,7.903501,-16.184153,4.624061,1.483973,-26.268470,-13.970906,18.485487,4.301500,-18.727291,24.305571,38.181262,54.857345,11.793106,-63.050363,74.144201,23.813072,-55.267621,114.227609,52.977156,151.188938,136.231362,55.423062,61.477613
18.919175,7.972171,-15.671168,8.256226,1.496401,-26.068541,-8.335405,19.106527,6.279257,-18.993573,24.630907,38.833542,56.824326,11.284883,-62.273499,75.765467,23.638950,-55.581902,115.378685,52.526476,150.206027,124.304572,55.015635,61.431736
21.605613,8.594114,-17.991261,5.019877,-0.616552,-22.683580,-1.974577,17.391834,6.591353,-14.815902,27.915821,41.722531,54.777536,9.529984,-61.100594,72.140747,22.823467,-56.236759,126.462356,48.913662,148.356359,114.372085,55.965262,62.553750
20.565734,7.098772,-18.208240,1.662883,-0.867182,-22.636955,7.664295,17.447388,12.000233,-6.718031,28.144812,41.353308,55.403225,7.353371,-60.512868,63.853454,21.611539,-56.258583,139.399937,48.368075,144.410373,123.045400,55.082323,64.084494
20.075372,5.176529,-17.848609,-1.142293,-1.165653,-22.748959,21.429996,17.864775,18.338202,1.533185,27.360118,40.695938,60.648641,4.379966,-58.521308,56.123933,20.887636,-55.811688,150.772637,48.149279,134.680136,134.771274,54.243511,65.866017
18.064694,2.809775,-16.984828,-5.024352,-1.461325,-22.378728,37.104610,17.803958,25.694978,10.910923,26.470412,39.868657,65.432854,0.661328,-54.745986,48.715909,19.886798,-55.106075,160.872277,48.415674,119.886848,147.490062,53.130088,67.974541
16.078918,0.355091,-16.865428,-7.160006,-2.070687,-22.074950,56.798438,17.573156,29.635920,21.393253,25.826092,39.452574,75.986156,-3.419957,-51.639147,37.886161,17.955516,-54.932205,169.878297,48.539002,106.385628,156.569510,52.881656,70.663633
12.836200,-2.731813,-15.697968,-11.421585,-3.368495,-22.131241,72.486128,16.445990,33.038054,33.616668,24.484721,39.205092,89.345739,-7.918149,-48.579161,27.264126,15.790364,-54.552874,175.705081,49.700651,96.635163,163.607171,52.122920,73.470170
12.273418,-5.748228,-14.618292,-16.922714,-4.434190,-20.859159,71.814963,16.263491,35.947699,48.819284,23.176152,39.467195,89.074704,-11.531827,-43.767918,16.027388,13.893525,-54.418319,176.712535,49.965892,88.808979,168.937907,52.793561,76.023169
10.077157,-8.458222,-12.471367,-14.887445,-5.032682,-19.704109,54.427125,16.349669,39.250432,66.438693,21.777683,39.268937,79.383874,-14.261860,-38.169373,-14.266457,12.651226,-53.837214,175.998695,50.274630,82.573839,171.170253,53.540394,78.405574
11.083707,-10.944166,-10.384555,-13.525589,-5.274492,-19.727936,30.463747,17.149319,41.459125,74.141239,20.632862,38.271393,74.940360,-17.056680,-34.025715,-39.864395,12.102646,-53.057452,173.050521,51.933590,76.112227,170.427130,52.854998,80.285064
11.063071,-13.084782,-8.117797,-19.848596,-5.362165,-19.070194,-1.234931,18.520881,42.850079,72.448374,19.757005,37.137003,65.061161,-19.546409,-30.040332,-46.460234,11.852926,-52.584775,169.495318,53.464793,70.584892,170.065498,51.073936,81.776608
11.702566,-13.941749,-6.614176,-33.856595,-5.334190,-18.482000,-28.124549,18.982094,43.339922,59.186588,20.719696,35.282895,54.818450,-20.755656,-26.668571,-39.514514,12.231488,-51.679123,164.416013,54.867109,63.961595,174.339946,48.384032,83.220730
12.026262,-14.544927,-4.714201,-41.751134,-5.048782,-18.334517,-30.293774,19.921598,43.648511,23.471152,21.896998,33.803392,52.520550,-21.095378,-22.922511,-5.623142,12.827332,-50.984759,162.483719,56.231616,56.987942,173.853705,45.482400,83.676582
15.205148,-14.270406,-3.804562,-27.699395,-5.355606,-18.364971,-28.226723,20.600258,41.300526,-20.980364,23.048190,34.834844,55.543887,-20.919933,-21.174761,28.804030,13.116741,-51.293500,161.835018,56.221191,52.646740,168.476057,44.274552,83.120641
17.002183,-13.579560,-3.510017,-11.015649,-5.339525,-18.655819,-31.636133,21.062550,36.233384,-32.702091,24.237119,34.345057,54.051441,-20.114627,-20.264754,34.561622,13.716127,-51.259410,156.212370,55.614698,47.593675,156.727243,43.756794,82.783649
19.013967,-13.648265,-2.736535,-7.627179,-4.585464,-17.583951,-33.589850,21.424843,36.507467,-26.897608,24.276630,34.226892,53.591315,-19.598975,-18.683812,37.642921,15.077377,-50.713123,147.639748,55.496321,44.900812,155.056931,43.459175,82.309017
23.328028,-13.971131,-2.224660,-5.241705,-4.453240,-17.452628,-34.189442,21.714180,38.705943,-24.019754,24.304634,34.696855,57.472779,-19.491917,-17.860319,45.551349,15.912694,-50.330692,137.703451,55.291058,43.384444,149.834031,43.136023,81.923894
25.966185,-13.689598,-1.675932,0.638721,-4.319946,-17.543520,-32.610884,21.652098,45.943545,-25.272240,24.633823,33.526264,63.252583,-19.047212,-17.249681,53.822831,16.350448,-50.061293,124.762007,55.524223,40.570584,139.586647,42.650625,81.950854
28.054813,-13.782434,-1.917358,3.923003,-4.616063,-17.574759,-32.932054,20.776338,49.074358,-26.442913,25.503776,33.396000,65.635054,-18.448369,-17.518542,60.070025,16.571199,-50.026487,114.465096,55.730518,36.865029,127.370592,42.411814,82.043400
28.425692,-13.702458,-1.817878,4.960961,-4.757150,-18.151302,-31.678558,20.318432,49.445764,-24.742727,25.374338,33.364113,67.930527,-18.181293,-17.497343,58.129430,16.887261,-49.943835,108.468679,56.087945,35.907200,124.004369,42.452065,81.856052
26.862272,-13.774472,-1.386661,0.174054,-4.532537,-17.312218,-31.050464,20.216901,52.271642,-19.080842,25.004424,33.468223,64.068601,-17.868361,-17.110365,49.777168,16.986262,-49.931395,117.001124,55.746424,34.438637,137.104064,43.046759,81.846183
23.797043,-13.921445,-1.962379,-6.044544,-4.353129,-17.636124,-27.164988,19.534875,53.239897,-9.189836,24.295828,32.996574,59.950689,-17.964368,-17.994428,37.788541,17.411080,-49.521937,132.679375,57.652165,32.959632,150.941493,42.774347,81.930592
20.154559,-14.342142,-2.269691,-16.277658,-4.134648,-17.351673,-22.547100,18.981480,50.493350,2.060429,23.834773,32.888798,54.721065,-18.212915,-18.619665,26.430126,17.692074,-49.259731,145.416962,58.376127,32.825417,161.934452,42.584827,82.073983
16.086623,-14.420032,-2.479962,-27.713123,-4.075458,-17.323859,-16.608809,18.259732,49.309716,16.336529,23.165697,32.803706,51.938517,-18.592600,-19.114171,11.366513,17.780727,-48.775375,155.642332,59.241786,33.103616,169.416172,42.897021,82.298483
13.989888,-14.424945,-2.616938,-32.194417,-3.905699,-17.676647,-8.539069,17.114829,49.061589,34.803395,22.276926,32.175354,48.052465,-19.451171,-19.661272,-6.946941,17.199250,-48.637604,162.208514,60.750087,33.494692,172.141078,43.222418,82.722259
12.436818,-15.758260,-3.828210,-31.491370,-4.550807,-17.560055,-0.357706,17.220683,48.532675,59.763118,20.616944,32.285075,45.022721,-20.789608,-20.714621,-35.751101,15.745903,-49.107354,166.330262,60.569055,33.921871,171.941351,43.888195,83.715941
13.366769,-17.238231,-5.655510,-21.408053,-5.530735,-17.439362,10.325942,16.171105,47.946622,72.333456,18.739508,32.615245,44.072393,-23.225033,-23.932395,-58.844429,14.170987,-48.913417,168.843335,62.284359,34.425850,171.512065,44.550254,85.425656
13.732750,-19.260316,-7.668930,-24.472558,-6.253521,-16.628019,22.048049,14.199543,46.996700,74.867391,17.245029,32.316796,45.677408,-26.444652,-28.075703,-70.734049,13.505700,-47.706236,170.898994,65.926809,35.222620,172.111330,44.708879,87.485117
8.648926,-20.626725,-9.308456,-40.488600,-6.511374,-15.884422,35.840886,15.253546,46.119628,62.272730,14.265363,31.688866,49.615198,-28.417897,-30.667623,-64.218076,12.069524,-47.369868,173.347315,66.977208,36.701941,175.234334,44.925150,88.900974
10.331279,-21.890043,-10.654224,-48.952833,-7.010267,-15.487005,51.775379,13.313816,45.943793,25.142363,13.599534,31.854115,46.235314,-30.613564,-33.726243,-18.418115,12.179217,-46.207890,175.518794,71.342285,37.822259,173.206786,43.501149,89.588660
10.236981,-22.061222,-11.133593,-33.080019,-6.127963,-14.828080,68.164328,14.665520,45.479414,-20.990501,12.796672,31.895943,59.858141,-31.529241,-34.782264,12.819878,12.829720,-44.990354,177.576854,70.520323,37.983673,170.431864,43.014359,89.731106
10.836490,-23.150113,-12.121034,-13.375990,-5.920766,-13.520541,74.334163,11.326470,43.971952,-38.613997,13.989018,32.554446,76.613900,-31.288844,-35.383258,25.231410,13.023116,-44.210935,177.674510,71.469455,37.634755,156.590236,43.901582,90.164777
9.158648,-22.529532,-11.932605,-7.784783,-5.940281,-13.767825,64.321290,13.136774,43.612524,-35.121416,13.162714,32.175126,73.894289,-31.520906,-35.889939,29.676090,13.390935,-43.726072,176.385226,70.542167,37.764640,145.468553,44.576398,90.348968
10.438255,-23.486236,-12.176833,-6.571921,-5.551851,-13.458643,43.550243,11.136723,43.556062,-27.521139,12.863173,31.985739,72.331874,-31.742738,-36.498033,36.567532,14.176525,-42.907186,175.868217,72.184369,37.667116,148.080211,44.657654,90.303902
12.234490,-23.740567,-12.310412,-9.113083,-5.623965,-13.331059,12.150920,10.981170,43.234762,-13.625801,11.955162,31.291520,66.675688,-31.716627,-36.627229,44.786812,13.834685,-42.919106,171.415998,72.569663,38.093835,157.827750,44.850782,90.730041
13.004139,-23.475091,-12.252861,-16.688596,-6.410176,-13.766474,-24.510615,11.101908,43.288867,5.742272,11.871044,30.887155,60.145606,-31.955511,-36.980597,44.431050,12.672810,-43.691296,164.641597,74.170133,39.038317,167.484086,44.163230,91.167266
18.929242,-22.901101,-11.887401,-30.919517,-7.018565,-14.358090,-31.996795,11.111714,43.010382,31.704523,10.868367,29.814942,56.744638,-32.097822,-37.270126,30.490397,11.118373,-44.795388,153.793887,76.281382,40.785557,172.322568,42.090028,91.601040
19.452893,-23.931994,-12.494002,-26.019251,-8.882300,-14.381896,-23.520658,12.557827,43.027596,54.409946,9.029183,31.322770,67.651215,-31.985729,-37.121014,4.261911,7.742812,-47.372159,156.306847,76.803586,42.224633,174.038609,42.219672,91.691794
18.635552,-24.150497,-12.369439,-16.264857,-9.738010,-15.159855,-24.565712,10.200410,43.660723,72.547607,10.370104,31.821402,65.773510,-33.164448,-38.684688,-16.474565,6.942138,-47.386718,157.391965,79.586486,42.592256,172.276115,41.387560,92.045862
17.130028,-24.327672,-12.467646,-11.547859,-10.059663,-15.043337,-25.579436,10.042930,43.453801,77.968097,10.930375,31.056745,63.233950,-32.948469,-38.568643,-15.490304,5.366016,-47.906248,159.392302,78.029508,41.807782,173.817530,43.400983,93.442021
17.582298,-24.428463,-12.435720,-24.345975,-10.808275,-15.452590,-18.887131,9.734251,43.361440,74.414894,11.239935,30.985947,67.400377,-32.659649,-38.337950,-3.784464,3.755359,-49.113031,162.584880,76.916602,41.279949,175.015379,45.551457,94.440761
18.831557,-24.321133,-12.279665,-42.390545,-11.683648,-15.802567,-12.106471,8.646069,42.862784,47.769787,11.713700,31.193009,70.348373,-31.977402,-37.840091,23.973694,2.134353,-50.698939,165.482438,76.105648,41.038034,174.295845,48.147176,95.372502
16.289392,-24.216260,-11.629393,-33.754199,-12.722273,-16.862421,-1.596272,9.132007,43.050135,-5.607074,11.452749,30.637757,72.940198,-31.785616,-37.639596,61.525607,1.182229,-51.733418,168.078725,76.192561,41.356841,172.191827,48.870408,95.879740
15.650023,-24.277326,-11.507187,-5.828015,-13.340998,-16.905344,10.591951,8.077718,41.857336,-34.604211,13.131491,30.296659,73.839464,-30.984271,-37.011433,60.346960,-0.115596,-52.775407,170.665479,76.190459,41.893628,159.546353,48.586133,96.545735
12.512764,-24.169871,-10.968995,0.558962,-14.111427,-17.501149,20.563566,7.566440,41.051313,-30.500075,13.306758,29.507017,73.653234,-29.984070,-36.016451,66.835877,-1.512969,-54.261028,172.510086,76.060975,42.449785,147.335333,49.514889,97.378992
13.621761,-24.075076,-10.653288,-5.294087,-15.506334,-18.580009,30.668713,6.467370,40.735369,-20.052886,13.735549,30.583443,74.736651,-29.199037,-35.356261,77.361147,-3.543135,-56.753085,173.416389,75.054121,41.984374,156.484486,52.305393,98.113835
12.540167,-24.383483,-10.173635,-13.862826,-16.254779,-19.216120,41.287596,5.273679,40.246678,-7.171059,13.963909,31.706498,70.262696,-28.450810,-34.620206,80.547818,-4.814554,-58.668116,175.659825,73.215138,41.495980,162.971332,55.405940,98.290523
11.663039,-23.410126,-9.815248,-25.497167,-16.556622,-19.298813,53.601777,4.103957,39.697979,8.070674,13.676610,32.567876,64.324770,-27.364603,-33.748110,69.294842,-5.611082,-60.201399,177.064206,72.468797,41.186650,168.681648,57.737829,98.161236
15.844705,-23.653631,-9.929501,-36.532521,-16.656091,-19.225262,69.681366,2.837320,39.154722,31.647714,12.645464,33.361038,65.694401,-26.856640,-33.454365,46.819454,-6.120522,-60.994318,177.617249,71.701856,40.793744,171.397787,60.211200,98.052641
12.657535,-23.054147,-9.919692,-34.120721,-16.499503,-19.750404,76.661870,1.555039,38.501006,59.676111,11.864835,34.093723,51.402027,-26.240211,-33.084115,5.679172,-6.888071,-61.868073,178.464629,71.835842,40.528768,173.054561,62.553253,97.836076
9.539804,-22.131533,-8.875127,-13.729440,-17.402873,-21.104116,70.800163,1.315332,37.995524,71.519892,9.979218,33.937156,33.288025,-25.915221,-31.997478,-8.268732,-7.268017,-63.232524,178.059018,72.616474,41.177476,173.012044,64.023453,97.631660
6.404278,-21.104116,-8.307445,-0.112595,-17.336491,-21.554564,49.513489,0.372141,37.215180,79.868235,10.231923,33.896937,29.516732,-24.960661,-30.841016,-22.343413,-8.230049,-64.423999,175.568129,73.485396,41.851146,173.780711,64.119478,97.440955
11.316312,-20.320726,-7.591640,-17.032233,-17.465473,-22.148004,25.860150,0.247541,36.297143,82.530856,9.993049,32.651699,25.678646,-23.754734,-29.572301,-9.232636,-7.995477,-64.928473,173.988519,72.543193,41.861338,173.288079,64.787359,97.598442
7.597868,-19.694652,-6.974325,-38.457185,-17.224442,-22.727186,0.218908,0.420217,36.220768,75.840363,10.158227,31.961832,26.531298,-22.810818,-28.578325,0.806612,-7.394157,-65.044868,170.659365,71.184650,41.259133,173.902201,65.031594,97.280979
6.580174,-19.195101,-6.078560,-43.321168,-17.301908,-23.213753,-20.860137,1.171883,36.013300,31.007801,10.673857,30.994033,29.460682,-21.565119,-26.964231,48.422625,-6.472648,-64.953840,166.801968,69.612286,41.078467,172.685932,63.730060,96.661156
6.905536,-18.359555,-5.158107,-33.093878,-17.115723,-23.049769,-27.312419,1.470408,35.346853,-14.543374,12.429855,29.974064,34.505064,-20.200625,-25.379649,77.733072,-5.690309,-64.685378,165.053325,68.908013,41.469782,169.563534,61.410881,96.232266
9.821852,-17.860692,-4.003602,-9.944520,-17.082760,-23.696378,-22.954987,2.289279,34.997357,-30.483455,14.729890,28.956434,40.218393,-18.637668,-23.449123,66.515064,-5.024752,-64.898927,164.812144,67.509412,41.789034,158.461813,58.955211,95.720397
12.278498,-17.453169,-3.284481,-8.530939,-16.740783,-23.706910,-24.217908,3.104476,35.633667,-29.369127,14.923622,28.953149,40.944739,-17.338092,-22.070685,64.455262,-4.126914,-64.990960,161.654674,66.945918,41.753823,156.692160,57.512420,94.635647
14.113294,-15.867782,-2.331004,-7.260728,-16.675054,-23.795363,-27.876375,3.026509,35.647712,-27.212329,15.391681,29.174787,41.804502,-15.773083,-20.402049,69.444682,-3.448589,-65.324761,153.773626,66.047280,41.140808,156.366288,57.911594,93.576860
15.659787,-14.644315,-1.227812,-2.865075,-16.389708,-23.860927,-28.439687,2.702248,35.219542,-29.626768,16.727908,28.847883,42.451626,-14.002242,-18.289253,69.936337,-2.834217,-65.517027,144.890002,63.347607,40.294266,151.570064,58.485947,92.747529
16.156392,-13.749427,-0.412559,2.551862,-15.785645,-24.073721,-28.251069,3.503559,35.679166,-31.251488,17.423293,28.549594,43.938738,-12.836510,-17.019990,67.746451,-1.784758,-65.229786,135.826943,62.265790,40.055299,140.002920,57.645194,91.770750
19.388462,-13.136722,0.099276,7.016623,-15.300632,-23.927382,-29.025000,4.446793,36.300503,-30.907692,17.583822,28.280549,46.542978,-12.068616,-16.185882,69.205247,-0.554562,-64.939473,127.180775,62.033247,40.242119,127.522047,56.333801,90.983955
18.968454,-12.395308,0.798745,10.753077,-14.979353,-24.341992,-28.098448,5.131747,36.715777,-30.506191,17.871751,27.954707,50.506837,-11.085459,-14.935704,72.223408,0.281746,-64.737274,119.664900,62.157118,40.370430,115.575144,55.303934,90.072282
19.045995,-11.460066,1.562188,12.045556,-14.571875,-24.895683,-24.883795,5.081405,37.070832,-29.510761,18.585836,27.894677,49.166000,-9.730837,-13.366997,73.940864,0.567784,-65.005941,125.035616,61.383543,40.285475,106.806664,55.344615,89.278649
18.852178,-10.714170,1.796069,10.161711,-14.670264,-23.842246,-23.606027,4.612351,36.819219,-28.669053,20.049592,28.911138,46.268818,-8.311065,-12.525597,74.615153,0.254951,-65.588162,134.176569,58.936463,40.056098,103.865534,56.219550,88.633444
17.539968,-9.971918,2.313927,8.409880,-14.555860,-24.835345,-19.842450,3.728620,40.852808,-27.863867,19.281742,28.912974,44.882934,-7.472126,-11.505922,73.042525,0.758162,-65.707551,142.778598,59.305914,40.706965,117.955488,56.656399,87.790276
16.245128,-9.466096,2.569776,3.813769,-14.279173,-25.406592,-15.531120,4.705950,47.069003,-24.201578,18.586920,28.661523,41.631391,-7.319107,-11.484364,73.895963,1.441573,-65.417291,150.634427,58.768836,43.001266,136.828170,56.628887,87.224620
15.648189,-9.542219,1.174545,-3.274609,-14.081981,-24.421707,-11.773853,3.665742,50.617446,-16.291037,19.124767,28.841147,42.273383,-7.124245,-13.891988,74.684769,1.519045,-65.325608,157.734515,58.920829,51.434164,150.213896,56.675061,87.314025
13.617887,-9.512124,-1.305841,-12.344995,-14.278402,-23.811637,-6.181334,3.836121,51.875652,-5.446341,19.594135,28.763250,42.546856,-6.822568,-18.386754,75.263494,1.246518,-65.682335,162.619577,58.310885,69.715004,160.138891,56.717279,87.564953
12.175782,-9.119044,-3.565550,-21.179762,-14.354206,-25.159960,2.790317,3.913114,52.557073,7.847347,18.263987,28.210313,42.701487,-6.566508,-23.947924,70.233589,0.995778,-65.932183,165.914556,58.682296,87.652113,166.680086,57.486723,87.408554
10.134651,-9.143559,-6.120973,-30.816965,-14.452029,-25.573362,10.559779,3.505395,50.412647,24.622621,17.913760,28.910020,40.521981,-6.191936,-31.380298,57.486285,0.015996,-66.727808,169.012924,56.883455,101.018874,170.281708,59.874407,87.453409
10.013859,-8.575045,-8.343367,-31.027169,-15.297321,-26.237736,17.589373,3.536250,45.554700,42.821748,18.017470,29.538960,36.816186,-5.461898,-38.672127,40.013175,-1.623274,-68.503646,171.288947,55.333785,112.125818,172.149417,61.030515,87.347746
9.603396,-8.140178,-10.663615,-26.387180,-15.839122,-26.489239,23.552713,2.619105,36.637739,59.901339,18.723995,30.658577,31.702100,-4.987577,-45.844949,23.334605,-3.600750,-70.854311,173.017631,54.924660,118.027257,173.328698,61.743855,87.138177
8.609404,-7.307172,-12.238062,-24.239194,-16.517158,-28.188531,30.935949,2.530832,30.816586,71.490661,18.509922,31.557445,27.885870,-4.412127,-51.510047,7.936276,-5.083980,-73.108436,174.451573,55.114383,120.124708,174.471506,62.055455,86.600748
5.592297,-5.785354,-14.028401,-27.644395,-16.942715,-29.191969,36.449018,2.518086,23.903702,70.232011,18.828976,31.551211,21.140358,-3.382296,-56.146233,13.251790,-5.679800,-74.195941,175.328841,53.959983,118.083389,174.519038,62.495975,86.028563
4.292705,-4.609198,-15.567462,-35.794525,-16.417010,-28.956994,36.373993,4.233046,20.625105,54.693653,19.226580,31.404764,16.450641,-3.244274,-58.179991,32.328422,-4.800580,-73.765242,175.301981,52.575814,112.316607,173.847747,61.769830,85.238001
5.742588,-4.391369,-16.209080,-43.128852,-16.149638,-28.481596,28.005079,5.094756,19.951297,21.493647,19.884011,30.992381,16.567678,-3.321056,-58.160207,54.518942,-3.948336,-72.736150,174.482141,51.723916,112.061278,171.794964,60.818482,85.023074
5.733135,-4.562037,-16.407056,-30.254199,-15.746692,-28.033610,16.878178,6.777064,18.122366,-16.170419,20.506742,29.574046,16.848265,-3.218877,-57.957718,80.954302,-3.423748,-72.055446,173.189235,51.327633,113.266079,168.439617,59.562231,85.483626
4.904898,-3.194495,-16.171814,-12.917154,-15.642218,-28.514264,3.807118,6.873052,17.072960,-24.002777,21.329922,28.585923,17.638824,-1.583268,-56.243095,79.470585,-3.385394,-72.179550,171.202317,50.372256,113.059855,161.831153,59.754283,85.096408
3.836076,-2.259141,-15.549045,-12.995001,-15.754062,-29.495080,-12.257351,7.972377,18.082103,-22.469350,21.444799,28.140131,17.513599,-0.024082,-54.955458,76.733269,-3.405737,-72.597889,168.724719,49.129835,111.491368,161.509841,59.744863,84.539362
4.682050,-1.501761,-15.750783,-9.091371,-15.655889,-29.375807,-24.609838,8.505739,17.097062,-24.928176,22.607347,27.304387,20.047827,1.445712,-53.796150,73.040231,-3.280312,-72.363468,165.757670,47.963665,111.104599,158.445681,59.417296,84.266112
5.915616,-0.466904,-15.635815,-1.615307,-15.691039,-29.172624,-26.465813,8.980653,16.178719,-28.424584,23.458505,25.914713,22.725000,3.318478,-52.548405,67.707625,-2.763818,-71.924389,163.036633,46.685169,110.601277,148.981886,59.484844,84.044033
